Date,Close,Open,High,Low,Volume,Change,Symbol
2015-04-16,30.0,31.0,35.74,28.22,19760000.0,1.0497,ETSY
2015-04-17,27.58,29.77,30.3,26.51,3970000.0,-0.08070000000000001,ETSY
2015-04-20,24.9,28.77,28.9,24.87,3080000.0,-0.09720000000000001,ETSY
2015-04-21,25.75,24.97,26.04,24.56,2190000.0,0.0341,ETSY
2015-04-22,25.12,26.0,26.24,24.95,1440000.0,-0.0245,ETSY
2015-04-23,25.62,24.93,25.74,24.08,1300000.0,0.0199,ETSY
2015-04-24,25.58,25.55,25.7,25.0,532830.0,-0.0016,ETSY
2015-04-27,25.9,25.7,26.47,25.21,731500.0,0.0125,ETSY
2015-04-28,24.49,25.75,25.9,24.18,954980.0,-0.054400000000000004,ETSY
2015-04-29,22.42,24.49,24.97,22.32,1670000.0,-0.08449999999999999,ETSY
2015-04-30,22.24,22.66,23.18,21.82,1220000.0,-0.008,ETSY
2015-05-01,21.75,22.25,23.0,21.27,687380.0,-0.022000000000000002,ETSY
2015-05-04,23.24,21.75,23.29,21.75,648640.0,0.06849999999999999,ETSY
2015-05-05,24.15,23.22,24.32,21.9,1070000.0,0.0392,ETSY
2015-05-06,23.4,24.15,25.42,23.03,1290000.0,-0.0311,ETSY
2015-05-07,23.69,23.4,24.42,22.71,616890.0,0.0124,ETSY
2015-05-08,22.71,23.93,24.1,22.5,784010.0,-0.0414,ETSY
2015-05-11,20.85,20.71,21.49,20.02,2120000.0,-0.0819,ETSY
2015-05-12,20.57,21.23,21.45,20.36,1140000.0,-0.0134,ETSY
2015-05-13,19.83,20.5,20.78,19.5,1540000.0,-0.036000000000000004,ETSY
2015-05-14,20.6,19.83,20.75,19.62,1040000.0,0.0388,ETSY
2015-05-15,20.05,20.56,20.82,19.51,1180000.0,-0.026699999999999998,ETSY
2015-05-18,20.56,19.51,20.75,19.15,1210000.0,0.0254,ETSY
2015-05-19,21.0,20.56,21.31,19.66,2020000.0,0.021400000000000002,ETSY
2015-05-20,17.2,16.9,17.32,15.7,11110000.0,-0.18100000000000002,ETSY
2015-05-21,17.51,17.37,17.69,16.91,2320000.0,0.018000000000000002,ETSY
2015-05-22,17.17,17.82,18.15,17.0,2009999.9999999998,-0.0194,ETSY
2015-05-26,17.09,16.59,17.3,16.18,1800000.0,-0.004699999999999999,ETSY
2015-05-27,17.06,17.02,17.63,16.85,878590.0,-0.0018,ETSY
2015-05-28,17.04,16.95,17.1,16.72,489190.0,-0.0012,ETSY
2015-05-29,16.76,17.0,17.1,16.5,940360.0,-0.016399999999999998,ETSY
2015-06-01,16.05,16.76,16.77,16.0,858370.0,-0.0424,ETSY
2015-06-02,15.86,15.98,16.1,15.73,763030.0,-0.0118,ETSY
2015-06-03,15.32,15.7,15.87,14.96,1430000.0,-0.034,ETSY
2015-06-04,15.07,15.25,15.63,15.0,807980.0,-0.0163,ETSY
2015-06-05,15.03,15.15,15.28,14.64,712420.0,-0.0027,ETSY
2015-06-08,14.86,14.95,15.13,14.68,503310.0,-0.0113,ETSY
2015-06-09,15.99,15.11,16.25,15.01,2270000.0,0.076,ETSY
2015-06-10,16.78,16.05,18.42,16.01,3380000.0,0.049400000000000006,ETSY
2015-06-11,16.86,17.08,17.68,16.75,1420000.0,0.0048,ETSY
2015-06-12,16.64,16.75,17.14,16.32,747290.0,-0.013000000000000001,ETSY
2015-06-15,16.32,16.2,17.1,16.14,1090000.0,-0.0192,ETSY
2015-06-16,16.29,16.51,16.89,16.2,767570.0,-0.0018,ETSY
2015-06-17,15.77,16.3,16.49,15.65,1430000.0,-0.0319,ETSY
2015-06-18,15.33,15.77,15.87,14.9,1390000.0,-0.0279,ETSY
2015-06-19,14.31,15.26,15.39,14.3,2590000.0,-0.0665,ETSY
2015-06-22,14.42,14.38,14.72,13.78,1540000.0,0.0077,ETSY
2015-06-23,14.34,14.45,14.8,14.13,916860.0,-0.0055000000000000005,ETSY
2015-06-24,14.39,14.33,14.59,14.17,842450.0,0.0034999999999999996,ETSY
2015-06-25,14.9,14.43,14.96,14.2,874880.0,0.0354,ETSY
2015-06-26,14.25,14.28,14.57,13.95,4220000.0,-0.0436,ETSY
2015-06-29,14.23,14.0,14.31,13.91,1250000.0,-0.0014000000000000002,ETSY
2015-06-30,14.05,14.3,14.42,13.95,1510000.0,-0.0126,ETSY
2015-07-01,14.01,14.13,14.48,13.96,1760000.0,-0.0028000000000000004,ETSY
2015-07-02,13.27,14.0,14.24,12.81,1980000.0,-0.0528,ETSY
2015-07-06,13.4,13.46,13.46,12.8,1440000.0,0.0098,ETSY
2015-07-07,13.32,13.51,13.53,13.0,1030000.0,-0.006,ETSY
2015-07-08,14.55,13.17,14.56,13.1,961000.0,0.09230000000000001,ETSY
2015-07-09,16.2,14.61,16.25,14.6,1940000.0,0.1134,ETSY
2015-07-10,16.53,16.25,17.29,15.82,1260000.0,0.0204,ETSY
2015-07-13,16.03,16.65,16.9,15.62,715290.0,-0.0302,ETSY
2015-07-14,16.51,16.1,17.02,16.0,520179.99999999994,0.029900000000000003,ETSY
2015-07-15,16.82,16.58,17.15,16.41,1070000.0,0.018799999999999997,ETSY
2015-07-16,16.83,16.9,17.3,16.32,987950.0,0.0006,ETSY
2015-07-17,21.98,16.94,23.44,16.57,11960000.0,0.306,ETSY
2015-07-20,19.56,20.44,20.97,18.92,3560000.0,-0.1101,ETSY
2015-07-21,18.98,19.55,20.38,18.61,1730000.0,-0.0297,ETSY
2015-07-22,18.45,18.82,19.46,18.02,869430.0,-0.0279,ETSY
2015-07-23,18.44,18.37,19.14,17.77,1160000.0,-0.0005,ETSY
2015-07-24,19.31,18.31,19.89,18.16,1290000.0,0.0472,ETSY
2015-07-27,18.3,19.28,19.47,18.16,645510.0,-0.052300000000000006,ETSY
2015-07-28,18.65,18.47,19.15,18.31,955760.0,0.0191,ETSY
2015-07-29,18.98,18.7,19.45,18.25,874730.0,0.0177,ETSY
2015-07-30,21.2,18.96,21.66,18.9,2320000.0,0.11699999999999999,ETSY
2015-07-31,20.84,21.3,21.9,20.41,1920000.0,-0.017,ETSY
2015-08-03,20.5,21.0,21.48,19.85,1830000.0,-0.0163,ETSY
2015-08-04,19.23,20.36,20.59,18.81,3030000.0,-0.062,ETSY
2015-08-05,13.78,15.62,16.28,13.63,4139999.9999999995,-0.2834,ETSY
2015-08-06,13.59,13.82,13.91,13.06,2049999.9999999998,-0.0138,ETSY
2015-08-07,13.44,13.54,13.77,13.21,1100000.0,-0.011000000000000001,ETSY
2015-08-10,14.29,13.52,14.34,13.3,680610.0,0.0632,ETSY
2015-08-11,16.01,14.19,16.1,13.86,1200000.0,0.1204,ETSY
2015-08-12,16.88,16.0,18.57,15.56,2100000.0,0.054299999999999994,ETSY
2015-08-13,16.99,16.99,17.73,16.45,1290000.0,0.006500000000000001,ETSY
2015-08-14,17.08,17.07,17.65,16.65,1140000.0,0.0053,ETSY
2015-08-17,17.35,17.54,17.64,16.5,1130000.0,0.0158,ETSY
2015-08-18,15.86,17.16,17.47,15.78,793450.0,-0.0859,ETSY
2015-08-19,14.98,15.68,16.03,14.93,845060.0,-0.0555,ETSY
2015-08-20,14.25,14.61,14.96,13.8,853920.0,-0.0487,ETSY
2015-08-21,13.46,13.91,14.11,13.25,1220000.0,-0.0554,ETSY
2015-08-24,12.93,12.58,13.68,11.85,1000000.0,-0.0394,ETSY
2015-08-25,12.87,13.9,14.0,12.84,638720.0,-0.0046,ETSY
2015-08-26,13.04,13.2,13.3,12.63,580910.0,0.0132,ETSY
2015-08-27,14.29,13.25,14.31,13.19,838410.0,0.0959,ETSY
2015-08-28,14.82,14.22,15.19,14.12,661490.0,0.0371,ETSY
2015-08-31,14.33,14.61,14.88,13.88,782890.0,-0.0331,ETSY
2015-09-01,14.06,13.84,14.45,13.8,440740.0,-0.018799999999999997,ETSY
2015-09-02,14.35,14.23,14.56,13.88,431800.0,0.0206,ETSY
2015-09-03,14.02,14.26,14.79,13.94,398440.0,-0.023,ETSY
2015-09-04,14.21,13.9,14.3,13.71,297830.0,0.013600000000000001,ETSY
2015-09-08,14.36,14.57,14.65,14.08,252370.0,0.0106,ETSY
2015-09-09,13.99,14.54,14.6,13.9,516770.0,-0.0258,ETSY
2015-09-10,14.23,13.89,14.3,13.87,337050.0,0.0172,ETSY
2015-09-11,14.31,14.08,14.38,13.96,270270.0,0.005600000000000001,ETSY
2015-09-14,14.38,14.17,14.5,13.98,209890.0,0.0049,ETSY
2015-09-15,14.6,14.48,14.76,14.38,189980.0,0.015300000000000001,ETSY
2015-09-16,14.39,14.53,14.66,14.14,207260.0,-0.0144,ETSY
2015-09-17,15.61,14.32,15.66,14.32,643490.0,0.0848,ETSY
2015-09-18,15.4,15.28,15.7,14.9,617240.0,-0.013500000000000002,ETSY
2015-09-21,15.9,15.44,16.73,15.17,897400.0,0.0325,ETSY
2015-09-22,15.18,15.5,15.99,15.1,393390.0,-0.0453,ETSY
2015-09-23,14.61,15.16,15.34,14.34,341400.0,-0.0375,ETSY
2015-09-24,14.98,14.39,14.99,14.16,244150.0,0.0253,ETSY
2015-09-25,14.11,15.13,15.29,14.0,425520.0,-0.0581,ETSY
2015-09-28,13.88,14.12,14.37,13.86,592050.0,-0.0163,ETSY
2015-09-29,13.82,13.94,14.2,13.52,540580.0,-0.0043,ETSY
2015-09-30,13.69,14.0,14.19,13.31,500820.0,-0.009399999999999999,ETSY
2015-10-01,14.15,13.91,14.35,13.43,315890.0,0.0336,ETSY
2015-10-02,14.32,14.08,14.57,13.89,394220.0,0.012,ETSY
2015-10-05,14.66,14.38,15.11,14.05,261399.99999999997,0.023700000000000002,ETSY
2015-10-06,14.07,14.74,14.88,13.64,385900.0,-0.04019999999999999,ETSY
2015-10-07,14.18,14.1,14.7,13.96,299130.0,0.0078000000000000005,ETSY
2015-10-08,13.57,13.27,13.95,13.2,902390.0,-0.043,ETSY
2015-10-09,13.86,13.63,14.07,13.15,290010.0,0.021400000000000002,ETSY
2015-10-12,12.31,13.67,13.67,12.21,612750.0,-0.1118,ETSY
2015-10-13,11.6,12.25,13.19,11.52,1470000.0,-0.057699999999999994,ETSY
2015-10-14,10.99,11.84,11.88,10.82,1090000.0,-0.0526,ETSY
2015-10-15,11.03,10.57,11.25,10.29,2089999.9999999998,0.0036,ETSY
2015-10-16,10.99,11.0,11.14,10.65,1190000.0,-0.0036,ETSY
2015-10-19,10.94,10.89,11.04,10.53,1050000.0,-0.0045000000000000005,ETSY
2015-10-20,11.34,11.19,12.26,11.19,2069999.9999999998,0.0366,ETSY
2015-10-21,10.68,11.31,11.63,10.62,1020000.0,-0.0582,ETSY
2015-10-22,11.39,10.69,11.58,10.54,660060.0,0.0665,ETSY
2015-10-23,11.18,11.54,11.67,10.86,588640.0,-0.0184,ETSY
2015-10-26,11.27,11.07,11.48,10.76,704660.0,0.008100000000000001,ETSY
2015-10-27,10.98,11.42,11.49,10.8,1160000.0,-0.025699999999999997,ETSY
2015-10-28,11.09,10.95,11.14,10.65,786350.0,0.01,ETSY
2015-10-29,10.91,11.09,11.24,10.8,748140.0,-0.016200000000000003,ETSY
2015-10-30,10.9,10.99,11.07,10.75,370900.0,-0.0009,ETSY
2015-11-02,10.69,10.77,10.9,10.31,1360000.0,-0.019299999999999998,ETSY
2015-11-03,11.03,10.74,11.25,10.6,2049999.9999999998,0.0318,ETSY
2015-11-04,9.97,10.53,10.73,9.79,2370000.0,-0.09609999999999999,ETSY
2015-11-05,9.96,10.05,10.29,9.89,695690.0,-0.001,ETSY
2015-11-06,9.21,9.5,9.65,8.95,2190000.0,-0.0753,ETSY
2015-11-09,8.8,8.91,9.34,8.79,982640.0,-0.044500000000000005,ETSY
2015-11-10,8.49,8.71,8.73,7.91,4040000.0,-0.0352,ETSY
2015-11-11,8.96,8.9,9.0,8.31,1560000.0,0.0554,ETSY
2015-11-12,8.94,8.72,9.17,8.62,1020000.0,-0.0022,ETSY
2015-11-13,8.69,8.85,8.94,8.61,846120.0,-0.027999999999999997,ETSY
2015-11-16,8.78,8.67,8.92,8.5,642030.0,0.0104,ETSY
2015-11-17,8.81,8.85,8.99,8.66,439920.0,0.0034000000000000002,ETSY
2015-11-18,8.72,8.72,8.97,8.52,565640.0,-0.0102,ETSY
2015-11-19,8.72,8.66,8.8,8.52,563790.0,0.0,ETSY
2015-11-20,8.47,8.7,8.77,8.45,826260.0,-0.0287,ETSY
2015-11-23,8.9,8.51,8.9,8.44,645350.0,0.0508,ETSY
2015-11-24,8.91,8.86,9.0,8.5,574000.0,0.0011,ETSY
2015-11-25,9.24,8.95,9.27,8.85,667260.0,0.037000000000000005,ETSY
2015-11-27,9.29,9.3,9.34,9.21,259450.0,0.0054,ETSY
2015-11-30,9.31,9.31,9.39,8.87,1200000.0,0.0022,ETSY
2015-12-01,9.28,9.31,9.31,9.21,491490.0,-0.0032,ETSY
2015-12-02,9.23,9.24,9.46,9.19,453030.0,-0.0054,ETSY
2015-12-03,9.2,9.33,9.36,9.01,604030.0,-0.0033,ETSY
2015-12-04,9.27,9.29,9.35,8.76,914170.0,0.0076,ETSY
2015-12-07,9.47,9.31,9.6,9.02,1440000.0,0.0216,ETSY
2015-12-08,9.51,9.3,9.59,8.7,1570000.0,0.0042,ETSY
2015-12-09,9.43,9.5,9.68,8.88,1360000.0,-0.0084,ETSY
2015-12-10,9.24,9.39,9.52,9.07,687320.0,-0.020099999999999996,ETSY
2015-12-11,8.86,9.15,9.23,8.68,949970.0,-0.041100000000000005,ETSY
2015-12-14,9.03,8.63,9.05,8.63,749430.0,0.0192,ETSY
2015-12-15,9.51,9.54,9.7,9.25,2130000.0,0.053200000000000004,ETSY
2015-12-16,9.79,9.62,9.88,9.52,1270000.0,0.0294,ETSY
2015-12-17,9.59,9.76,9.95,9.56,706440.0,-0.0204,ETSY
2015-12-18,8.62,9.55,9.63,8.61,2220000.0,-0.1011,ETSY
2015-12-21,8.71,8.71,8.76,8.41,658430.0,0.0104,ETSY
2015-12-22,8.78,8.1,8.79,8.0,1000000.0,0.008,ETSY
2015-12-23,8.84,8.83,9.1,8.76,706100.0,0.0068000000000000005,ETSY
2015-12-24,8.92,8.81,9.02,8.76,335360.0,0.009000000000000001,ETSY
2015-12-28,8.52,8.84,8.92,8.4,1070000.0,-0.044800000000000006,ETSY
2015-12-29,8.51,8.52,8.6,8.23,793060.0,-0.0012,ETSY
2015-12-30,8.48,8.45,8.51,8.37,813620.0,-0.0034999999999999996,ETSY
2015-12-31,8.26,8.39,8.53,8.23,1210000.0,-0.0259,ETSY
2016-01-04,8.24,8.18,8.3,8.0,1060000.0,-0.0024,ETSY
2016-01-05,8.51,8.24,8.55,8.08,698720.0,0.032799999999999996,ETSY
2016-01-06,8.8,8.3,8.82,8.15,939460.0,0.0341,ETSY
2016-01-07,8.67,8.61,9.05,8.36,1170000.0,-0.0148,ETSY
2016-01-08,8.38,8.74,8.87,8.35,786270.0,-0.0334,ETSY
2016-01-11,7.44,8.12,8.2,7.43,1970000.0,-0.11220000000000001,ETSY
2016-01-12,7.35,7.44,7.5,6.89,1700000.0,-0.0121,ETSY
2016-01-13,6.99,7.39,7.58,6.76,1190000.0,-0.049,ETSY
2016-01-14,7.07,7.04,7.28,6.68,1940000.0,0.011399999999999999,ETSY
2016-01-15,7.0,6.93,7.03,6.66,798770.0,-0.009899999999999999,ETSY
2016-01-19,6.65,7.06,7.1,6.54,1430000.0,-0.05,ETSY
2016-01-20,6.88,6.54,7.0,6.04,1630000.0,0.0346,ETSY
2016-01-21,6.99,6.92,7.26,6.71,1170000.0,0.016,ETSY
2016-01-22,7.42,7.11,7.46,7.06,888330.0,0.061500000000000006,ETSY
2016-01-25,7.25,7.36,7.44,7.21,807920.0,-0.0229,ETSY
2016-01-26,7.38,7.24,7.42,7.03,434620.0,0.0179,ETSY
2016-01-27,7.3,7.32,7.44,7.21,485390.0,-0.0108,ETSY
2016-01-28,7.49,7.37,7.59,7.08,1360000.0,0.026000000000000002,ETSY
2016-01-29,7.76,7.48,7.78,7.36,1190000.0,0.036000000000000004,ETSY
2016-02-01,7.55,7.75,7.75,7.36,841100.0,-0.0271,ETSY
2016-02-02,7.12,7.4,7.43,7.03,1740000.0,-0.057,ETSY
2016-02-03,7.32,7.1,7.54,6.91,954740.0,0.0281,ETSY
2016-02-04,7.48,7.25,7.52,7.1,748400.0,0.0219,ETSY
2016-02-05,7.03,7.41,7.46,6.98,1130000.0,-0.0602,ETSY
2016-02-08,6.72,6.93,6.99,6.4,1050000.0,-0.0441,ETSY
2016-02-09,6.36,6.65,6.83,6.18,900930.0,-0.0536,ETSY
2016-02-10,6.72,6.37,6.99,6.36,863440.0,0.056600000000000004,ETSY
2016-02-11,6.73,6.58,6.89,6.44,528510.0,0.0015,ETSY
2016-02-12,6.9,6.78,6.99,6.48,601270.0,0.0253,ETSY
2016-02-16,7.49,7.0,7.61,6.75,2040000.0,0.0855,ETSY
2016-02-17,8.04,7.53,8.43,7.44,4620000.0,0.07339999999999999,ETSY
2016-02-18,7.8,8.03,8.1,7.5,1180000.0,-0.029900000000000003,ETSY
2016-02-19,7.93,7.71,8.02,7.61,1060000.0,0.0167,ETSY
2016-02-22,7.95,8.05,8.08,7.71,1020000.0,0.0025,ETSY
2016-02-23,7.39,8.04,8.06,7.3,3890000.0,-0.0704,ETSY
2016-02-24,7.9,8.5,8.53,7.66,8780000.0,0.069,ETSY
2016-02-25,7.9,7.89,8.08,7.21,3540000.0,0.0,ETSY
2016-02-26,7.65,7.97,8.0,7.52,2890000.0,-0.0316,ETSY
2016-02-27,7.67,7.67,7.67,7.67,2710000.0,0.0026,ETSY
2016-02-29,7.94,7.65,7.96,7.31,3460000.0,0.0352,ETSY
2016-03-01,8.36,8.0,8.52,7.91,3110000.0,0.0529,ETSY
2016-03-02,8.92,8.35,9.15,8.3,2600000.0,0.067,ETSY
2016-03-03,8.89,8.96,9.04,8.71,1860000.0,-0.0034000000000000002,ETSY
2016-03-04,8.82,8.9,9.16,8.64,1650000.0,-0.0079,ETSY
2016-03-07,8.94,8.62,9.03,8.61,1510000.0,0.013600000000000001,ETSY
2016-03-08,8.68,8.8,9.01,8.64,1200000.0,-0.0291,ETSY
2016-03-09,8.74,8.75,8.89,8.42,1090000.0,0.0069,ETSY
2016-03-10,9.06,8.81,9.18,8.78,1720000.0,0.0366,ETSY
2016-03-11,9.27,9.23,9.39,9.05,1430000.0,0.0232,ETSY
2016-03-14,9.05,9.19,9.32,8.81,1190000.0,-0.023700000000000002,ETSY
2016-03-15,9.17,8.83,9.18,8.8,1520000.0,0.013300000000000001,ETSY
2016-03-16,9.16,9.12,9.24,8.94,713860.0,-0.0011,ETSY
2016-03-17,9.27,9.12,9.34,9.09,708510.0,0.012,ETSY
2016-03-18,9.23,9.25,9.4,9.1,1560000.0,-0.0043,ETSY
2016-03-21,9.06,9.14,9.26,8.96,1170000.0,-0.0184,ETSY
2016-03-22,9.15,9.06,9.29,9.01,687420.0,0.009899999999999999,ETSY
2016-03-23,8.87,9.06,9.18,8.78,1410000.0,-0.030600000000000002,ETSY
2016-03-24,8.85,8.76,9.01,8.48,1130000.0,-0.0023,ETSY
2016-03-28,8.7,8.85,8.97,8.21,1000000.0,-0.0169,ETSY
2016-03-29,8.75,8.61,8.87,8.37,847110.0,0.005699999999999999,ETSY
2016-03-30,8.91,8.85,8.99,8.62,829010.0,0.0183,ETSY
2016-03-31,8.7,8.91,8.91,8.46,683890.0,-0.0236,ETSY
2016-04-01,8.67,8.51,8.79,8.36,1080000.0,-0.0034000000000000002,ETSY
2016-04-04,8.71,8.69,8.81,8.48,821900.0,0.0046,ETSY
2016-04-05,8.32,8.59,8.67,8.29,1060000.0,-0.044800000000000006,ETSY
2016-04-06,8.48,8.38,8.54,8.25,736880.0,0.0192,ETSY
2016-04-07,8.38,8.35,8.53,8.19,807170.0,-0.0118,ETSY
2016-04-08,8.26,8.46,8.54,8.16,958580.0,-0.0143,ETSY
2016-04-11,8.05,8.26,8.26,7.6,3450000.0,-0.0254,ETSY
2016-04-12,8.25,8.07,8.32,7.93,1970000.0,0.0248,ETSY
2016-04-13,8.49,8.31,8.61,8.14,1920000.0,0.0291,ETSY
2016-04-14,8.46,8.49,8.6,8.39,943080.0,-0.0034999999999999996,ETSY
2016-04-15,8.77,8.39,8.98,8.39,1370000.0,0.0366,ETSY
2016-04-18,8.83,8.74,8.93,8.55,992760.0,0.0068000000000000005,ETSY
2016-04-19,8.83,8.81,8.98,8.76,1320000.0,0.0,ETSY
2016-04-20,8.79,8.76,8.9,8.75,712630.0,-0.0045000000000000005,ETSY
2016-04-21,8.98,8.77,9.12,8.72,1400000.0,0.0216,ETSY
2016-04-22,9.03,8.94,9.14,8.94,599800.0,0.005600000000000001,ETSY
2016-04-25,9.0,9.02,9.12,8.95,575470.0,-0.0033,ETSY
2016-04-26,9.06,8.91,9.09,8.61,1280000.0,0.0067,ETSY
2016-04-27,9.33,9.1,9.38,9.05,961910.0,0.0298,ETSY
2016-04-28,8.7,9.31,9.44,8.6,1670000.0,-0.0675,ETSY
2016-04-29,8.78,8.73,8.92,8.59,1050000.0,0.0092,ETSY
2016-05-02,8.51,8.76,8.93,8.48,1700000.0,-0.0308,ETSY
2016-05-03,8.4,8.67,8.69,8.31,2780000.0,-0.0129,ETSY
2016-05-04,8.82,9.5,9.5,8.51,8600000.0,0.05,ETSY
2016-05-05,8.97,9.11,9.24,8.86,2510000.0,0.017,ETSY
2016-05-06,8.27,8.95,9.0,8.06,4610000.0,-0.078,ETSY
2016-05-09,8.19,8.21,8.32,7.77,1630000.0,-0.0097,ETSY
2016-05-10,8.41,8.2,8.51,7.93,1920000.0,0.0269,ETSY
2016-05-11,8.29,8.35,8.39,8.18,1210000.0,-0.0143,ETSY
2016-05-12,8.28,8.31,8.44,8.07,1240000.0,-0.0012,ETSY
2016-05-13,8.59,8.26,8.71,8.2,1500000.0,0.0374,ETSY
2016-05-16,8.61,8.58,8.74,8.39,981630.0,0.0023,ETSY
2016-05-17,8.48,8.62,8.72,8.4,1020000.0,-0.0151,ETSY
2016-05-18,8.34,8.45,8.58,8.25,1150000.0,-0.0165,ETSY
2016-05-19,8.22,8.31,8.47,8.11,878070.0,-0.0144,ETSY
2016-05-20,8.38,8.26,8.43,8.22,880660.0,0.0195,ETSY
2016-05-23,8.55,8.33,8.67,8.26,763120.0,0.0203,ETSY
2016-05-24,8.49,8.55,8.68,8.42,847940.0,-0.006999999999999999,ETSY
2016-05-25,8.56,8.5,8.61,8.4,1050000.0,0.008199999999999999,ETSY
2016-05-26,8.86,8.73,8.98,8.69,1660000.0,0.035,ETSY
2016-05-27,8.94,8.85,9.04,8.8,1150000.0,0.009000000000000001,ETSY
2016-05-31,9.25,9.13,9.29,8.86,1710000.0,0.0347,ETSY
2016-06-01,9.4,9.21,9.69,9.1,1590000.0,0.016200000000000003,ETSY
2016-06-02,9.32,9.36,9.41,8.98,1030000.0,-0.0085,ETSY
2016-06-03,9.21,9.24,9.31,9.09,737280.0,-0.0118,ETSY
2016-06-06,9.64,9.23,9.66,9.19,1200000.0,0.0467,ETSY
2016-06-07,9.63,9.63,9.79,9.5,1460000.0,-0.001,ETSY
2016-06-08,9.56,9.69,9.79,9.5,865320.0,-0.0073,ETSY
2016-06-09,9.67,9.56,9.73,9.4,1100000.0,0.0115,ETSY
2016-06-10,9.44,9.55,9.73,9.38,933060.0,-0.023799999999999998,ETSY
2016-06-13,9.57,9.39,9.7,9.32,1260000.0,0.0138,ETSY
2016-06-14,9.58,9.58,9.86,9.39,1370000.0,0.001,ETSY
2016-06-15,9.79,9.62,9.88,9.58,1090000.0,0.0219,ETSY
2016-06-16,9.9,9.69,9.98,9.48,999350.0,0.011200000000000002,ETSY
2016-06-17,9.72,9.91,9.97,9.64,1530000.0,-0.0182,ETSY
2016-06-20,10.0,9.86,10.0,9.77,1580000.0,0.0288,ETSY
2016-06-21,9.75,9.95,10.1,9.43,1890000.0,-0.025,ETSY
2016-06-22,9.58,9.73,9.89,9.49,1170000.0,-0.0174,ETSY
2016-06-23,9.93,9.66,10.03,9.64,1760000.0,0.0365,ETSY
2016-06-24,9.26,9.49,9.68,9.21,11480000.0,-0.0675,ETSY
2016-06-27,8.74,9.07,9.12,8.56,2750000.0,-0.0562,ETSY
2016-06-28,8.84,8.85,9.07,8.76,759620.0,0.011399999999999999,ETSY
2016-06-29,9.41,8.98,9.47,8.87,885300.0,0.0645,ETSY
2016-06-30,9.59,9.41,9.6,9.4,746890.0,0.0191,ETSY
2016-07-01,9.66,9.63,9.73,9.58,487460.0,0.0073,ETSY
2016-07-05,9.46,9.55,9.55,9.27,628840.0,-0.0207,ETSY
2016-07-06,9.2,9.38,9.47,9.11,1150000.0,-0.0275,ETSY
2016-07-07,9.21,9.15,9.41,9.07,919210.0,0.0011,ETSY
2016-07-08,9.6,9.31,9.85,9.31,1350000.0,0.042300000000000004,ETSY
2016-07-11,9.71,9.69,9.84,9.54,1570000.0,0.0115,ETSY
2016-07-12,10.2,9.8,10.78,9.78,4260000.0,0.050499999999999996,ETSY
2016-07-13,10.16,10.2,10.32,10.05,1140000.0,-0.0039000000000000003,ETSY
2016-07-14,10.14,10.2,10.29,10.1,675900.0,-0.002,ETSY
2016-07-15,9.99,10.19,10.2,9.89,1040000.0,-0.0148,ETSY
2016-07-18,9.88,10.0,10.0,9.7,613870.0,-0.011000000000000001,ETSY
2016-07-19,9.83,9.99,10.06,9.82,1300000.0,-0.0051,ETSY
2016-07-20,9.99,9.88,10.09,9.82,844320.0,0.0163,ETSY
2016-07-21,9.83,10.02,10.21,9.81,798430.0,-0.016,ETSY
2016-07-22,9.82,9.8,9.91,9.76,575640.0,-0.001,ETSY
2016-07-25,9.88,9.81,10.04,9.77,759170.0,0.0060999999999999995,ETSY
2016-07-26,9.86,9.85,10.0,9.8,758030.0,-0.002,ETSY
2016-07-27,9.82,9.92,10.07,9.81,713710.0,-0.0040999999999999995,ETSY
2016-07-28,10.11,9.88,10.31,9.81,1690000.0,0.029500000000000002,ETSY
2016-07-29,10.06,10.12,10.2,9.91,964490.0,-0.0049,ETSY
2016-08-01,11.86,10.55,12.0,10.21,9390000.0,0.1789,ETSY
2016-08-02,12.71,12.16,12.95,11.72,7830000.0,0.0717,ETSY
2016-08-03,13.84,13.6,14.57,13.22,9890000.0,0.0889,ETSY
2016-08-04,14.07,13.66,14.21,13.54,2410000.0,0.0166,ETSY
2016-08-05,13.77,13.84,13.89,13.33,3090000.0,-0.0213,ETSY
2016-08-08,13.69,13.74,13.9,13.45,1690000.0,-0.0058,ETSY
2016-08-09,13.76,13.6,14.0,13.5,1370000.0,0.0051,ETSY
2016-08-10,13.78,13.76,13.85,13.47,1150000.0,0.0015,ETSY
2016-08-11,14.5,13.76,14.56,13.76,2049999.9999999998,0.052199999999999996,ETSY
2016-08-12,14.45,14.42,14.69,14.31,1130000.0,-0.0034000000000000002,ETSY
2016-08-15,14.49,14.54,14.66,14.41,1100000.0,0.0028000000000000004,ETSY
2016-08-16,14.26,14.46,14.46,14.15,942700.0,-0.0159,ETSY
2016-08-17,13.98,14.26,14.32,13.86,944150.0,-0.0196,ETSY
2016-08-18,14.19,13.95,14.29,13.93,703650.0,0.015,ETSY
2016-08-19,14.07,14.19,14.25,14.05,633460.0,-0.0085,ETSY
2016-08-22,13.99,14.04,14.17,13.84,649250.0,-0.005699999999999999,ETSY
2016-08-23,13.98,14.11,14.16,13.92,827060.0,-0.0007000000000000001,ETSY
2016-08-24,13.67,13.9,14.05,13.64,549620.0,-0.0222,ETSY
2016-08-25,13.55,13.69,13.87,13.49,737230.0,-0.0088,ETSY
2016-08-26,13.42,13.53,13.73,13.24,2009999.9999999998,-0.0096,ETSY
2016-08-29,13.53,13.41,13.76,13.38,570690.0,0.008199999999999999,ETSY
2016-08-30,13.47,13.49,13.66,13.33,566090.0,-0.0044,ETSY
2016-08-31,13.46,13.43,13.5,13.21,495800.0,-0.0007000000000000001,ETSY
2016-09-01,13.78,13.38,13.85,13.35,644210.0,0.023799999999999998,ETSY
2016-09-02,13.87,13.9,14.05,13.75,963570.0,0.006500000000000001,ETSY
2016-09-06,14.19,13.95,14.28,13.87,1130000.0,0.0231,ETSY
2016-09-07,14.36,14.14,14.37,14.13,871250.0,0.012,ETSY
2016-09-08,14.27,14.35,14.41,14.14,777960.0,-0.0063,ETSY
2016-09-09,13.64,14.15,14.25,13.59,1010000.0,-0.0441,ETSY
2016-09-12,13.87,13.68,13.99,13.52,1330000.0,0.0169,ETSY
2016-09-13,13.68,13.72,13.85,13.45,592360.0,-0.0137,ETSY
2016-09-14,13.69,13.57,14.05,13.53,979920.0,0.0007000000000000001,ETSY
2016-09-15,13.63,13.67,13.74,13.53,840600.0,-0.0044,ETSY
2016-09-16,13.57,13.67,13.9,13.45,3930000.0,-0.0044,ETSY
2016-09-19,13.36,13.66,13.79,13.31,867150.0,-0.0155,ETSY
2016-09-20,13.51,13.48,13.76,13.43,1070000.0,0.011200000000000002,ETSY
2016-09-21,14.54,13.97,15.0,13.77,5240000.0,0.0762,ETSY
2016-09-22,14.82,14.69,14.82,14.13,2480000.0,0.019299999999999998,ETSY
2016-09-23,15.21,14.75,15.7,14.55,3100000.0,0.0263,ETSY
2016-09-26,14.82,15.27,15.29,14.58,1860000.0,-0.0256,ETSY
2016-09-27,14.7,14.82,15.05,14.65,1040000.0,-0.008100000000000001,ETSY
2016-09-28,14.76,14.65,14.87,14.3,1480000.0,0.0040999999999999995,ETSY
2016-09-29,14.43,14.67,14.81,14.38,978240.0,-0.022400000000000003,ETSY
2016-09-30,14.28,14.48,14.5,14.07,1480000.0,-0.0104,ETSY
2016-10-03,14.72,14.2,15.06,14.01,2400000.0,0.0308,ETSY
2016-10-04,15.37,14.81,15.83,14.81,2710000.0,0.044199999999999996,ETSY
2016-10-05,15.35,15.43,15.66,15.22,2000000.0,-0.0013,ETSY
2016-10-06,15.13,15.26,15.41,15.02,734660.0,-0.0143,ETSY
2016-10-07,15.48,15.47,16.05,15.25,3510000.0,0.0231,ETSY
2016-10-10,15.81,15.85,16.0,15.58,1430000.0,0.0213,ETSY
2016-10-11,15.27,15.72,15.81,14.95,1530000.0,-0.0342,ETSY
2016-10-12,15.11,15.19,15.31,14.95,870680.0,-0.0105,ETSY
2016-10-13,14.82,14.91,15.02,14.6,1210000.0,-0.0192,ETSY
2016-10-14,14.48,14.92,15.05,14.48,1060000.0,-0.0229,ETSY
2016-10-17,14.37,14.41,14.48,14.05,897560.0,-0.0076,ETSY
2016-10-18,14.39,14.58,14.66,14.32,838300.0,0.0014000000000000002,ETSY
2016-10-19,14.48,14.4,14.61,14.38,555980.0,0.0063,ETSY
2016-10-20,14.31,14.43,14.55,14.21,911340.0,-0.011699999999999999,ETSY
2016-10-21,14.23,14.12,14.3,14.06,944260.0,-0.005600000000000001,ETSY
2016-10-24,14.1,14.27,14.51,13.97,1210000.0,-0.0091,ETSY
2016-10-25,13.55,14.1,14.21,13.38,1780000.0,-0.039,ETSY
2016-10-26,13.13,13.52,13.54,13.12,1340000.0,-0.031,ETSY
2016-10-27,12.83,13.24,13.53,12.75,1360000.0,-0.022799999999999997,ETSY
2016-10-28,12.43,12.83,13.04,12.4,1660000.0,-0.031200000000000002,ETSY
2016-10-31,12.98,12.5,13.22,12.43,2230000.0,0.044199999999999996,ETSY
2016-11-01,12.95,13.11,13.45,12.83,3080000.0,-0.0023,ETSY
2016-11-02,11.27,13.25,13.25,11.23,5770000.0,-0.1297,ETSY
2016-11-03,11.09,11.21,11.47,10.84,2029999.9999999998,-0.016,ETSY
2016-11-04,11.45,11.05,11.51,11.02,1490000.0,0.0325,ETSY
2016-11-07,11.77,11.82,11.94,11.62,1370000.0,0.0279,ETSY
2016-11-08,11.52,11.69,11.92,11.39,1600000.0,-0.0212,ETSY
2016-11-09,11.37,11.5,11.5,11.02,1510000.0,-0.013000000000000001,ETSY
2016-11-10,11.48,11.55,11.89,11.16,2160000.0,0.0097,ETSY
2016-11-11,11.72,11.38,11.84,11.3,1340000.0,0.0209,ETSY
2016-11-14,11.67,11.86,11.9,11.57,1190000.0,-0.0043,ETSY
2016-11-15,12.05,11.65,12.09,11.62,1530000.0,0.0326,ETSY
2016-11-16,12.0,12.01,12.28,11.84,1300000.0,-0.0040999999999999995,ETSY
2016-11-17,12.46,12.85,12.85,12.08,1000000.0,0.0383,ETSY
2016-11-18,12.59,12.47,12.67,12.34,1330000.0,0.0104,ETSY
2016-11-21,12.94,12.66,13.01,12.58,1540000.0,0.0278,ETSY
2016-11-22,13.1,12.91,13.16,12.77,1300000.0,0.0124,ETSY
2016-11-23,13.12,13.15,13.23,12.82,1070000.0,0.0015,ETSY
2016-11-25,13.09,13.34,13.4,13.05,525420.0,-0.0023,ETSY
2016-11-28,12.84,13.04,13.08,12.76,1070000.0,-0.0191,ETSY
2016-11-29,12.73,12.85,12.91,12.6,982320.0,-0.0086,ETSY
2016-11-30,12.4,12.86,12.97,12.21,1720000.0,-0.0259,ETSY
2016-12-01,11.93,12.38,12.41,11.64,2790000.0,-0.0379,ETSY
2016-12-02,11.83,11.92,11.96,11.3,2690000.0,-0.0084,ETSY
2016-12-05,12.09,11.9,12.3,11.89,1050000.0,0.022000000000000002,ETSY
2016-12-06,12.36,12.19,12.38,12.0,1170000.0,0.0223,ETSY
2016-12-07,12.6,12.4,12.64,12.26,963740.0,0.0194,ETSY
2016-12-08,12.57,12.67,12.7,12.46,1140000.0,-0.0024,ETSY
2016-12-09,12.37,12.6,12.85,12.28,864940.0,-0.0159,ETSY
2016-12-12,12.18,12.42,12.42,12.06,1040000.0,-0.0154,ETSY
2016-12-13,12.24,12.22,12.48,12.13,1310000.0,0.0049,ETSY
2016-12-14,11.84,11.93,12.46,11.7,1390000.0,-0.0327,ETSY
2016-12-15,12.55,11.95,12.61,11.75,2630000.0,0.06,ETSY
2016-12-16,12.78,12.61,12.87,12.53,2580000.0,0.0183,ETSY
2016-12-19,12.92,12.82,12.99,12.49,946000.0,0.011000000000000001,ETSY
2016-12-20,12.78,12.82,12.86,12.67,956170.0,-0.0108,ETSY
2016-12-21,12.67,12.75,12.99,12.62,1050000.0,-0.0086,ETSY
2016-12-22,11.94,12.61,12.76,11.63,3960000.0,-0.0576,ETSY
2016-12-23,11.98,12.0,12.25,11.77,1470000.0,0.0034000000000000002,ETSY
2016-12-27,12.18,12.0,12.58,11.99,1100000.0,0.0167,ETSY
2016-12-28,11.87,12.2,12.39,11.82,1380000.0,-0.0255,ETSY
2016-12-29,11.76,11.89,12.12,11.59,937700.0,-0.009300000000000001,ETSY
2016-12-30,11.78,11.79,11.86,11.53,960270.0,0.0017000000000000001,ETSY
2017-01-03,11.88,11.97,12.13,11.74,1270000.0,0.0085,ETSY
2017-01-04,11.97,11.91,12.02,11.76,1040000.0,0.0076,ETSY
2017-01-05,12.4,12.35,12.51,11.88,2150000.0,0.0359,ETSY
2017-01-06,13.08,12.22,13.24,12.11,3650000.0,0.0548,ETSY
2017-01-09,12.35,13.08,13.17,12.22,1960000.0,-0.0558,ETSY
2017-01-10,12.77,12.32,12.9,12.25,1560000.0,0.034,ETSY
2017-01-11,12.73,12.86,12.9,12.47,760290.0,-0.0031,ETSY
2017-01-12,12.47,12.65,12.73,12.3,685560.0,-0.0204,ETSY
2017-01-13,12.52,12.52,12.74,12.5,929090.0,0.004,ETSY
2017-01-17,12.77,12.53,13.2,12.53,1380000.0,0.02,ETSY
2017-01-18,12.9,12.79,13.04,12.57,1060000.0,0.0102,ETSY
2017-01-19,12.6,12.91,13.03,12.4,1530000.0,-0.0233,ETSY
2017-01-20,12.41,12.57,12.66,12.21,1770000.0,-0.0151,ETSY
2017-01-23,12.65,12.4,12.66,12.22,1080000.0,0.019299999999999998,ETSY
2017-01-24,12.97,12.8,13.0,12.61,922960.0,0.0253,ETSY
2017-01-25,12.82,13.04,13.21,12.77,1010000.0,-0.0116,ETSY
2017-01-26,13.0,13.1,13.61,12.9,2230000.0,0.013999999999999999,ETSY
2017-01-27,12.93,13.0,13.11,12.71,912820.0,-0.0054,ETSY
2017-01-30,12.75,12.86,12.87,12.5,846420.0,-0.0139,ETSY
2017-01-31,12.61,12.62,12.71,12.25,1060000.0,-0.011000000000000001,ETSY
2017-02-01,12.46,12.65,12.81,12.43,1360000.0,-0.011899999999999999,ETSY
2017-02-02,12.7,12.52,12.92,12.35,855220.0,0.019299999999999998,ETSY
2017-02-03,12.64,12.75,12.88,12.55,826210.0,-0.004699999999999999,ETSY
2017-02-06,12.34,12.6,12.6,12.17,1040000.0,-0.023700000000000002,ETSY
2017-02-07,12.43,12.37,12.52,12.25,968680.0,0.0073,ETSY
2017-02-08,12.5,12.39,12.53,12.13,1100000.0,0.005600000000000001,ETSY
2017-02-09,12.5,12.57,12.75,12.48,1110000.0,0.0,ETSY
2017-02-10,12.84,12.55,12.89,12.49,934610.0,0.027200000000000002,ETSY
2017-02-13,12.76,12.85,12.99,12.75,589340.0,-0.0062,ETSY
2017-02-14,12.86,12.7,12.97,12.51,712000.0,0.0078000000000000005,ETSY
2017-02-15,13.33,12.92,13.39,12.81,1520000.0,0.0365,ETSY
2017-02-16,12.92,13.38,13.42,12.8,1180000.0,-0.0308,ETSY
2017-02-17,12.9,12.97,13.18,12.86,872570.0,-0.0015,ETSY
2017-02-21,13.01,12.93,13.02,12.75,885610.0,0.0085,ETSY
2017-02-22,12.9,13.0,13.17,12.85,1010000.0,-0.0085,ETSY
2017-02-23,12.51,12.9,12.93,12.48,1480000.0,-0.0302,ETSY
2017-02-24,12.72,12.42,13.03,12.0,1400000.0,0.0168,ETSY
2017-02-27,12.79,12.72,12.96,12.64,1240000.0,0.0055000000000000005,ETSY
2017-02-28,12.12,12.85,12.88,12.05,3160000.0,-0.0524,ETSY
2017-03-01,10.69,11.46,11.79,10.06,10160000.0,-0.11800000000000001,ETSY
2017-03-02,10.66,10.63,10.92,10.6,2570000.0,-0.0028000000000000004,ETSY
2017-03-03,10.19,10.6,10.77,10.18,2980000.0,-0.0441,ETSY
2017-03-06,10.14,10.12,10.45,10.0,2220000.0,-0.0049,ETSY
2017-03-07,9.81,10.1,10.14,9.79,2340000.0,-0.0325,ETSY
2017-03-08,9.56,9.63,9.8,9.41,3550000.0,-0.0255,ETSY
2017-03-09,9.64,9.56,9.88,9.54,2180000.0,0.0084,ETSY
2017-03-10,9.72,9.69,9.81,9.5,2650000.0,0.0083,ETSY
2017-03-13,10.05,9.74,10.08,9.72,1940000.0,0.034,ETSY
2017-03-14,10.04,9.99,10.06,9.87,1660000.0,-0.001,ETSY
2017-03-15,10.23,10.08,10.3,9.97,1730000.0,0.0189,ETSY
2017-03-16,10.38,10.25,10.43,10.2,1710000.0,0.0147,ETSY
2017-03-17,10.37,10.37,10.49,10.28,1970000.0,-0.001,ETSY
2017-03-20,10.27,10.34,10.41,10.21,1190000.0,-0.0096,ETSY
2017-03-21,9.99,10.32,10.44,9.94,2190000.0,-0.0273,ETSY
2017-03-22,10.04,10.0,10.13,9.85,1590000.0,0.005,ETSY
2017-03-23,9.89,10.02,10.04,9.84,1360000.0,-0.0149,ETSY
2017-03-24,9.88,9.9,10.0,9.82,822970.0,-0.001,ETSY
2017-03-27,10.15,9.75,10.19,9.6,1260000.0,0.0273,ETSY
2017-03-28,10.11,10.14,10.2,9.95,1150000.0,-0.0039000000000000003,ETSY
2017-03-29,10.35,10.08,10.49,10.05,1880000.0,0.023700000000000002,ETSY
2017-03-30,10.4,10.3,10.5,10.3,999870.0,0.0048,ETSY
2017-03-31,10.63,10.42,10.73,10.36,2320000.0,0.022099999999999998,ETSY
2017-04-03,10.63,10.62,10.73,10.37,2089999.9999999998,0.0,ETSY
2017-04-04,10.7,10.62,10.75,10.49,1770000.0,0.0066,ETSY
2017-04-05,10.59,10.78,10.95,10.56,1460000.0,-0.0103,ETSY
2017-04-06,10.61,10.61,10.71,10.5,958960.0,0.0019,ETSY
2017-04-07,10.47,10.59,10.66,10.42,2040000.0,-0.0132,ETSY
2017-04-10,10.57,10.49,10.71,10.49,1180000.0,0.0096,ETSY
2017-04-11,10.57,10.59,10.74,10.48,1550000.0,0.0,ETSY
2017-04-12,10.53,10.54,10.65,10.44,1670000.0,-0.0038,ETSY
2017-04-13,10.29,10.5,10.62,10.19,2870000.0,-0.022799999999999997,ETSY
2017-04-17,10.53,10.3,10.63,10.22,3260000.0,0.0233,ETSY
2017-04-18,10.65,10.5,10.66,10.43,1620000.0,0.011399999999999999,ETSY
2017-04-19,10.87,10.69,10.98,10.69,2710000.0,0.0207,ETSY
2017-04-20,11.01,10.91,11.07,10.81,1210000.0,0.0129,ETSY
2017-04-21,10.63,10.99,11.02,10.54,2550000.0,-0.0345,ETSY
2017-04-24,10.71,10.81,10.92,10.68,1200000.0,0.0075,ETSY
2017-04-25,10.48,10.8,10.86,10.43,2440000.0,-0.0215,ETSY
2017-04-26,10.46,10.37,10.64,10.28,2470000.0,-0.0019,ETSY
2017-04-27,10.68,10.49,10.73,10.32,2190000.0,0.021,ETSY
2017-04-28,10.76,10.63,10.99,10.58,1700000.0,0.0075,ETSY
2017-05-01,11.06,10.81,11.11,10.79,1260000.0,0.0279,ETSY
2017-05-02,11.39,11.06,11.78,10.96,4580000.0,0.0298,ETSY
2017-05-03,10.51,10.11,11.19,9.9,13330000.0,-0.07730000000000001,ETSY
2017-05-04,10.62,10.64,10.72,10.32,7220000.0,0.0105,ETSY
2017-05-05,11.66,10.64,11.68,10.5,5520000.0,0.09789999999999999,ETSY
2017-05-08,11.32,11.66,11.66,11.05,5800000.0,-0.0292,ETSY
2017-05-09,11.54,11.35,11.59,11.3,3160000.0,0.0194,ETSY
2017-05-10,11.42,11.53,11.63,11.18,2640000.0,-0.0104,ETSY
2017-05-11,11.16,11.34,11.39,11.02,4610000.0,-0.022799999999999997,ETSY
2017-05-12,11.26,11.09,11.33,10.91,3620000.0,0.009000000000000001,ETSY
2017-05-15,11.32,11.28,11.54,11.26,2120000.0,0.0053,ETSY
2017-05-16,13.73,12.9,14.11,12.87,18320000.0,0.21289999999999998,ETSY
2017-05-17,12.94,13.4,13.67,12.77,5090000.0,-0.0575,ETSY
2017-05-18,13.13,12.88,13.26,12.71,2710000.0,0.0147,ETSY
2017-05-19,13.31,13.15,13.38,13.03,1820000.0,0.0137,ETSY
2017-05-22,13.15,13.34,13.41,12.96,2009999.9999999998,-0.012,ETSY
2017-05-23,13.31,13.25,13.36,12.98,1780000.0,0.012199999999999999,ETSY
2017-05-24,13.4,13.32,13.48,13.15,1230000.0,0.0068000000000000005,ETSY
2017-05-25,13.18,13.14,13.33,12.96,1230000.0,-0.016399999999999998,ETSY
2017-05-26,13.45,13.11,13.49,13.02,1180000.0,0.020499999999999997,ETSY
2017-05-30,13.36,13.45,13.6,13.24,802620.0,-0.0067,ETSY
2017-05-31,13.41,13.46,13.46,13.15,928610.0,0.0037,ETSY
2017-06-01,13.55,13.36,13.67,13.25,1790000.0,0.0104,ETSY
2017-06-02,13.47,13.64,13.7,13.36,1430000.0,-0.0059,ETSY
2017-06-05,13.54,13.44,13.62,13.34,1990000.0,0.0052,ETSY
2017-06-06,13.49,13.58,13.71,13.34,1310000.0,-0.0037,ETSY
2017-06-07,13.43,13.47,13.55,13.31,2470000.0,-0.0044,ETSY
2017-06-08,13.92,13.41,13.95,13.31,1720000.0,0.0365,ETSY
2017-06-09,13.45,13.97,14.04,13.17,2080000.0,-0.0338,ETSY
2017-06-12,13.26,13.35,13.45,13.12,2360000.0,-0.0141,ETSY
2017-06-13,13.64,13.31,13.89,13.31,5090000.0,0.0287,ETSY
2017-06-14,13.57,13.67,13.78,13.42,1340000.0,-0.0051,ETSY
2017-06-15,13.85,13.42,13.87,13.42,1300000.0,0.0206,ETSY
2017-06-16,13.67,13.6,14.12,13.6,2810000.0,-0.013000000000000001,ETSY
2017-06-19,14.2,13.72,14.23,13.72,1560000.0,0.0388,ETSY
2017-06-20,13.98,14.15,14.37,13.93,1190000.0,-0.0155,ETSY
2017-06-21,14.2,13.86,14.35,13.79,1430000.0,0.015700000000000002,ETSY
2017-06-22,14.68,14.42,15.02,14.32,3480000.0,0.0338,ETSY
2017-06-23,15.24,15.0,15.29,14.57,3420000.0,0.0381,ETSY
2017-06-26,15.27,15.33,15.46,14.97,1920000.0,0.002,ETSY
2017-06-27,14.8,15.2,15.27,14.56,1820000.0,-0.0308,ETSY
2017-06-28,15.19,15.02,15.2,14.68,1560000.0,0.0264,ETSY
2017-06-29,14.97,15.16,15.16,14.51,1370000.0,-0.014499999999999999,ETSY
2017-06-30,15.0,14.98,15.14,14.9,856860.0,0.002,ETSY
2017-07-03,14.72,15.0,15.0,14.49,582410.0,-0.0187,ETSY
2017-07-05,14.89,14.77,15.07,14.68,1200000.0,0.0115,ETSY
2017-07-06,14.63,14.77,14.89,14.53,843940.0,-0.0175,ETSY
2017-07-07,15.02,14.73,15.15,14.69,1240000.0,0.026699999999999998,ETSY
2017-07-10,15.01,15.01,15.14,14.84,841370.0,-0.0007000000000000001,ETSY
2017-07-11,14.82,14.9,15.04,14.62,1610000.0,-0.0127,ETSY
2017-07-12,14.93,14.97,15.14,14.87,1090000.0,0.0074,ETSY
2017-07-13,15.18,14.93,15.2,14.83,960090.0,0.0167,ETSY
2017-07-14,15.06,15.23,15.29,15.05,547060.0,-0.0079,ETSY
2017-07-17,14.77,15.07,15.21,14.72,799730.0,-0.019299999999999998,ETSY
2017-07-18,14.91,14.76,14.97,14.54,991210.0,0.0095,ETSY
2017-07-19,14.6,15.02,15.02,14.52,963240.0,-0.0208,ETSY
2017-07-20,14.5,14.71,14.75,14.48,805060.0,-0.0068000000000000005,ETSY
2017-07-21,14.62,14.62,14.63,14.3,1870000.0,0.0083,ETSY
2017-07-24,14.49,14.6,14.78,14.44,852240.0,-0.0089,ETSY
2017-07-25,14.65,14.53,14.69,14.29,648220.0,0.011000000000000001,ETSY
2017-07-26,14.92,14.65,15.07,14.65,1120000.0,0.0184,ETSY
2017-07-27,14.84,14.99,15.05,14.39,1000000.0,-0.0054,ETSY
2017-07-28,14.64,14.72,15.01,14.61,867800.0,-0.013500000000000002,ETSY
2017-07-31,14.37,14.65,14.76,14.27,957570.0,-0.0184,ETSY
2017-08-01,14.31,14.39,14.47,14.15,1320000.0,-0.0042,ETSY
2017-08-02,14.02,14.4,14.42,13.94,1200000.0,-0.0203,ETSY
2017-08-03,13.59,14.05,14.29,13.58,2610000.0,-0.030699999999999998,ETSY
2017-08-04,15.15,15.49,16.0,14.82,5160000.0,0.1148,ETSY
2017-08-07,15.46,15.21,15.69,15.2,2730000.0,0.020499999999999997,ETSY
2017-08-08,15.62,15.4,15.91,15.32,3270000.0,0.0103,ETSY
2017-08-09,15.85,15.36,15.94,15.13,2730000.0,0.0147,ETSY
2017-08-10,15.9,15.77,15.96,15.41,3340000.0,0.0032,ETSY
2017-08-11,16.22,16.0,16.69,15.9,3050000.0,0.020099999999999996,ETSY
2017-08-14,16.19,16.31,16.39,16.01,1680000.0,-0.0018,ETSY
2017-08-15,15.64,16.18,16.25,15.53,3740000.0,-0.034,ETSY
2017-08-16,15.6,15.66,15.87,15.47,2020000.0,-0.0026,ETSY
2017-08-17,15.58,15.53,15.68,15.31,2020000.0,-0.0013,ETSY
2017-08-18,15.59,15.44,15.72,15.4,1510000.0,0.0006,ETSY
2017-08-21,15.43,15.53,15.63,15.39,1070000.0,-0.0103,ETSY
2017-08-22,15.63,15.51,15.69,15.46,731540.0,0.013000000000000001,ETSY
2017-08-23,15.61,15.54,15.65,15.54,724660.0,-0.0013,ETSY
2017-08-24,15.84,15.63,15.86,15.46,1410000.0,0.0147,ETSY
2017-08-25,15.64,16.0,16.03,15.44,990180.0,-0.0126,ETSY
2017-08-28,15.83,15.75,15.9,15.64,2430000.0,0.0121,ETSY
2017-08-29,16.03,15.74,16.06,15.64,1480000.0,0.0126,ETSY
2017-08-30,16.17,16.0,16.39,15.92,980900.0,0.0087,ETSY
2017-08-31,16.37,16.26,16.6,16.26,1200000.0,0.0124,ETSY
2017-09-01,16.31,16.43,16.53,16.18,633120.0,-0.0037,ETSY
2017-09-05,16.32,16.16,16.43,16.02,1380000.0,0.0006,ETSY
2017-09-06,16.62,16.27,16.63,16.08,2310000.0,0.0184,ETSY
2017-09-07,17.0,16.96,17.49,16.91,3340000.0,0.0229,ETSY
2017-09-08,16.88,16.94,17.15,16.78,1280000.0,-0.0070999999999999995,ETSY
2017-09-11,17.34,17.0,17.36,16.89,1380000.0,0.0273,ETSY
2017-09-12,17.62,17.29,17.82,17.27,1540000.0,0.0161,ETSY
2017-09-13,17.79,17.64,17.81,17.53,1270000.0,0.0096,ETSY
2017-09-14,17.76,17.79,17.9,17.56,965300.0,-0.0017000000000000001,ETSY
2017-09-15,17.17,17.8,17.82,17.04,4670000.0,-0.0332,ETSY
2017-09-18,17.13,17.27,17.33,17.01,1760000.0,-0.0023,ETSY
2017-09-19,17.17,17.21,17.31,17.03,2180000.0,0.0023,ETSY
2017-09-20,17.18,17.19,17.29,16.85,1980000.0,0.0006,ETSY
2017-09-21,17.11,17.17,17.19,17.01,837870.0,-0.0040999999999999995,ETSY
2017-09-22,17.11,16.99,17.21,16.99,778000.0,0.0,ETSY
2017-09-25,16.9,16.95,17.14,16.81,1410000.0,-0.0123,ETSY
2017-09-26,17.04,16.9,17.11,16.9,771000.0,0.0083,ETSY
2017-09-27,16.96,17.17,17.19,16.64,1750000.0,-0.004699999999999999,ETSY
2017-09-28,16.82,16.89,17.07,16.78,1150000.0,-0.0083,ETSY
2017-09-29,16.88,16.79,16.98,16.77,1430000.0,0.0036,ETSY
2017-10-02,17.2,16.96,17.32,16.9,1350000.0,0.019,ETSY
2017-10-03,17.03,17.26,17.36,16.84,1400000.0,-0.009899999999999999,ETSY
2017-10-04,16.55,16.87,16.99,16.41,1330000.0,-0.0282,ETSY
2017-10-05,16.5,16.56,16.57,16.22,1940000.0,-0.003,ETSY
2017-10-06,16.72,16.52,16.9,16.48,1820000.0,0.013300000000000001,ETSY
2017-10-09,16.47,16.7,16.76,16.38,954510.0,-0.015,ETSY
2017-10-10,16.4,16.52,16.62,16.32,952620.0,-0.0043,ETSY
2017-10-11,16.34,16.45,16.52,16.24,768920.0,-0.0037,ETSY
2017-10-12,16.2,16.3,16.39,16.19,952170.0,-0.0086,ETSY
2017-10-13,16.51,16.2,16.63,16.19,749940.0,0.0191,ETSY
2017-10-16,16.36,16.56,16.6,16.33,623910.0,-0.0091,ETSY
2017-10-17,16.2,16.33,16.39,16.12,745890.0,-0.0098,ETSY
2017-10-18,16.36,16.21,16.41,16.21,514840.00000000006,0.009899999999999999,ETSY
2017-10-19,16.19,16.35,16.39,15.93,1070000.0,-0.0104,ETSY
2017-10-20,16.38,16.3,16.55,16.15,722380.0,0.011699999999999999,ETSY
2017-10-23,15.76,15.65,16.3,15.27,2960000.0,-0.0379,ETSY
2017-10-24,15.74,15.75,15.86,15.49,1370000.0,-0.0013,ETSY
2017-10-25,15.81,15.78,16.14,15.73,1260000.0,0.0044,ETSY
2017-10-26,16.27,15.85,16.47,15.85,1740000.0,0.0291,ETSY
2017-10-27,16.75,16.35,16.86,16.33,1440000.0,0.029500000000000002,ETSY
2017-10-30,16.71,16.79,16.79,16.5,828550.0,-0.0024,ETSY
2017-10-31,16.7,16.72,16.89,16.55,1180000.0,-0.0006,ETSY
2017-11-01,16.73,16.75,16.83,16.48,1210000.0,0.0018,ETSY
2017-11-02,16.5,16.67,16.7,16.22,1110000.0,-0.0137,ETSY
2017-11-03,16.59,16.47,16.91,16.43,2460000.0,0.0055000000000000005,ETSY
2017-11-06,17.15,16.63,17.3,16.39,3440000.0,0.0338,ETSY
2017-11-07,16.86,17.59,17.6,16.55,3840000.0,-0.0169,ETSY
2017-11-08,16.51,16.71,16.92,16.29,2040000.0,-0.0208,ETSY
2017-11-09,16.51,16.24,16.61,16.08,1950000.0,0.0,ETSY
2017-11-10,16.72,16.45,16.75,16.35,1040000.0,0.0127,ETSY
2017-11-13,16.65,16.69,16.84,16.58,995290.0,-0.0042,ETSY
2017-11-14,16.59,16.71,17.11,16.53,1790000.0,-0.0036,ETSY
2017-11-15,16.47,16.51,16.86,16.3,2060000.0,-0.0072,ETSY
2017-11-16,16.42,16.58,16.88,16.39,6430000.0,-0.003,ETSY
2017-11-17,16.47,16.42,16.75,16.41,2200000.0,0.003,ETSY
2017-11-20,16.65,16.93,16.93,16.46,2810000.0,0.0109,ETSY
2017-11-21,16.93,16.71,17.06,16.57,1620000.0,0.0168,ETSY
2017-11-22,16.87,16.7,17.08,16.7,1530000.0,-0.0034999999999999996,ETSY
2017-11-24,17.12,16.88,17.43,16.84,1090000.0,0.0148,ETSY
2017-11-27,16.98,17.13,17.36,16.97,2230000.0,-0.008199999999999999,ETSY
2017-11-28,16.98,16.81,17.13,16.71,2370000.0,0.0,ETSY
2017-11-29,16.32,17.04,17.37,16.17,1990000.0,-0.038900000000000004,ETSY
2017-11-30,16.46,16.36,16.6,16.13,2150000.0,0.0086,ETSY
2017-12-01,16.83,16.45,17.13,16.35,2920000.0,0.0225,ETSY
2017-12-04,17.91,17.09,18.14,17.04,5030000.0,0.0642,ETSY
2017-12-05,18.19,17.8,18.5,17.66,4200000.0,0.015600000000000001,ETSY
2017-12-06,18.74,18.22,18.76,18.11,2710000.0,0.0302,ETSY
2017-12-07,18.96,18.83,19.09,18.67,2500000.0,0.011699999999999999,ETSY
2017-12-08,19.32,19.09,19.52,18.92,3250000.0,0.019,ETSY
2017-12-11,19.93,19.41,19.96,19.2,3620000.0,0.0316,ETSY
2017-12-12,20.21,20.0,20.25,19.82,2440000.0,0.013999999999999999,ETSY
2017-12-13,20.16,20.21,20.45,19.92,2350000.0,-0.0025,ETSY
2017-12-14,20.14,20.15,20.33,19.98,2460000.0,-0.001,ETSY
2017-12-15,20.5,20.14,20.54,20.07,3110000.0,0.0179,ETSY
2017-12-18,20.77,20.6,20.92,20.6,1620000.0,0.0132,ETSY
2017-12-19,20.31,20.81,20.86,20.26,1870000.0,-0.022099999999999998,ETSY
2017-12-20,20.72,20.36,20.84,20.34,1290000.0,0.0202,ETSY
2017-12-21,21.76,21.0,21.86,21.0,2980000.0,0.050199999999999995,ETSY
2017-12-22,21.69,21.75,21.81,21.46,2040000.0,-0.0032,ETSY
2017-12-26,21.75,21.65,21.83,21.55,2650000.0,0.0028000000000000004,ETSY
2017-12-27,20.82,21.69,21.74,20.8,1770000.0,-0.042800000000000005,ETSY
2017-12-28,20.65,20.89,20.96,20.57,1510000.0,-0.008199999999999999,ETSY
2017-12-29,20.45,20.67,20.68,20.34,1290000.0,-0.0097,ETSY
2018-01-02,20.83,20.5,21.03,20.5,1900000.0,0.018600000000000002,ETSY
2018-01-03,20.41,20.84,20.89,20.17,2230000.0,-0.0202,ETSY
2018-01-04,20.23,20.46,20.56,20.09,2000000.0,-0.0088,ETSY
2018-01-05,20.25,20.33,20.33,19.31,2380000.0,0.001,ETSY
2018-01-08,20.32,20.24,20.38,19.91,1920000.0,0.0034999999999999996,ETSY
2018-01-09,20.9,20.35,21.12,20.12,2520000.0,0.0285,ETSY
2018-01-10,20.26,20.66,20.96,19.67,2650000.0,-0.030600000000000002,ETSY
2018-01-11,20.56,20.32,20.6,20.27,782130.0,0.0148,ETSY
2018-01-12,19.54,19.66,19.7,18.9,3060000.0,-0.0496,ETSY
2018-01-16,19.35,19.73,20.1,19.33,1440000.0,-0.0097,ETSY
2018-01-17,19.74,19.44,19.83,19.44,788340.0,0.0202,ETSY
2018-01-18,19.6,19.78,19.92,19.53,1050000.0,-0.0070999999999999995,ETSY
2018-01-19,19.7,19.58,19.75,19.48,1540000.0,0.0051,ETSY
2018-01-22,20.03,19.7,20.17,19.69,1030000.0,0.0168,ETSY
2018-01-23,19.94,20.02,20.25,19.91,774450.0,-0.0045000000000000005,ETSY
2018-01-24,19.05,20.0,20.05,18.81,2690000.0,-0.0446,ETSY
2018-01-25,19.14,19.09,19.31,19.06,1260000.0,0.004699999999999999,ETSY
2018-01-26,19.2,19.31,19.56,18.92,1680000.0,0.0031,ETSY
2018-01-29,18.96,19.12,19.26,18.81,1350000.0,-0.0125,ETSY
2018-01-30,18.89,18.71,19.12,18.62,1430000.0,-0.0037,ETSY
2018-01-31,18.76,18.98,19.05,18.62,1290000.0,-0.0069,ETSY
2018-02-01,19.16,18.71,19.53,18.71,1730000.0,0.0213,ETSY
2018-02-02,18.79,19.09,19.3,18.73,1300000.0,-0.019299999999999998,ETSY
2018-02-05,18.44,18.62,19.03,18.44,1560000.0,-0.018600000000000002,ETSY
2018-02-06,18.71,18.0,18.77,16.72,2200000.0,0.0146,ETSY
2018-02-07,18.61,18.7,18.91,18.01,912960.0,-0.0053,ETSY
2018-02-08,17.73,18.7,18.77,17.72,1670000.0,-0.0473,ETSY
2018-02-09,18.63,18.24,18.7,17.49,2900000.0,0.0508,ETSY
2018-02-12,18.62,18.8,18.99,18.39,2190000.0,-0.0005,ETSY
2018-02-13,19.42,18.59,19.51,18.5,5730000.0,0.043,ETSY
2018-02-14,19.95,19.23,20.34,19.23,2600000.0,0.0273,ETSY
2018-02-15,19.81,20.0,20.2,19.68,1820000.0,-0.006999999999999999,ETSY
2018-02-16,20.96,19.87,21.2,19.8,3680000.0,0.0581,ETSY
2018-02-20,21.31,21.03,21.66,20.69,2920000.0,0.0167,ETSY
2018-02-21,21.43,21.52,22.34,21.42,2940000.0,0.005600000000000001,ETSY
2018-02-22,21.03,21.55,21.7,20.85,1390000.0,-0.0187,ETSY
2018-02-23,21.07,21.06,21.42,20.72,1600000.0,0.0019,ETSY
2018-02-26,21.12,21.3,21.72,20.94,2320000.0,0.0024,ETSY
2018-02-27,21.03,21.35,21.57,20.63,3140000.0,-0.0043,ETSY
2018-02-28,25.31,24.02,26.23,24.02,15450000.0,0.20350000000000001,ETSY
2018-03-01,25.32,25.57,26.0,24.94,4790000.0,0.0004,ETSY
2018-03-02,25.71,24.95,25.76,24.41,3700000.0,0.0154,ETSY
2018-03-05,25.4,25.71,26.3,25.26,2700000.0,-0.0121,ETSY
2018-03-06,25.67,25.31,26.28,25.31,3890000.0,0.0106,ETSY
2018-03-07,26.09,25.5,26.1,25.11,3080000.0,0.016399999999999998,ETSY
2018-03-08,26.38,26.29,27.4,26.17,3460000.0,0.0111,ETSY
2018-03-09,27.93,27.01,28.01,26.64,9310000.0,0.0588,ETSY
2018-03-12,27.93,27.9,28.19,27.17,3480000.0,0.0,ETSY
2018-03-13,27.92,27.87,28.17,27.71,2450000.0,-0.0004,ETSY
2018-03-14,28.37,28.12,28.54,27.85,2740000.0,0.0161,ETSY
2018-03-15,28.38,28.5,28.5,27.88,1820000.0,0.0004,ETSY
2018-03-16,28.3,28.45,28.49,27.65,3350000.0,-0.0028000000000000004,ETSY
2018-03-19,27.83,27.85,28.22,27.24,1840000.0,-0.0166,ETSY
2018-03-20,28.31,28.1,28.74,27.87,2370000.0,0.0172,ETSY
2018-03-21,28.95,28.37,29.15,28.23,2069999.9999999998,0.0226,ETSY
2018-03-22,27.94,28.72,29.04,27.92,2490000.0,-0.0349,ETSY
2018-03-23,26.64,27.8,28.26,26.63,3580000.0,-0.04650000000000001,ETSY
2018-03-26,27.36,27.5,27.59,26.54,2800000.0,0.027000000000000003,ETSY
2018-03-27,27.66,27.64,28.58,27.42,2740000.0,0.011000000000000001,ETSY
2018-03-28,27.91,27.89,28.32,27.16,3050000.0,0.009000000000000001,ETSY
2018-03-29,28.06,28.2,28.52,27.45,3560000.0,0.0054,ETSY
2018-04-02,27.97,28.07,28.84,27.73,2480000.0,-0.0032,ETSY
2018-04-03,27.83,28.05,28.25,27.6,2009999.9999999998,-0.005,ETSY
2018-04-04,27.84,27.19,27.92,26.81,1950000.0,0.0004,ETSY
2018-04-05,28.54,28.39,28.63,27.74,2089999.9999999998,0.025099999999999997,ETSY
2018-04-06,27.63,28.24,28.48,27.4,2880000.0,-0.0319,ETSY
2018-04-09,27.6,27.63,28.2,27.58,1200000.0,-0.0011,ETSY
2018-04-10,29.9,28.12,30.24,28.05,5630000.0,0.0833,ETSY
2018-04-11,30.2,29.88,30.59,29.57,3390000.0,0.01,ETSY
2018-04-12,30.58,30.43,30.78,30.04,3300000.0,0.0126,ETSY
2018-04-13,28.97,30.93,30.95,28.51,4940000.0,-0.0526,ETSY
2018-04-16,29.39,29.12,29.9,29.05,3050000.0,0.014499999999999999,ETSY
2018-04-17,30.28,29.57,30.48,29.22,2540000.0,0.030299999999999997,ETSY
2018-04-18,30.4,30.5,30.71,29.91,2150000.0,0.004,ETSY
2018-04-19,30.23,30.09,30.39,29.62,1820000.0,-0.005600000000000001,ETSY
2018-04-20,30.01,30.0,30.66,29.77,1560000.0,-0.0073,ETSY
2018-04-23,29.73,30.22,30.86,29.52,2009999.9999999998,-0.009300000000000001,ETSY
2018-04-24,28.97,29.79,30.09,28.42,2260000.0,-0.0256,ETSY
2018-04-25,28.73,29.09,29.2,28.24,1260000.0,-0.0083,ETSY
2018-04-26,29.53,28.75,29.61,28.75,1300000.0,0.0278,ETSY
2018-04-27,29.5,29.65,29.8,29.02,901970.0,-0.001,ETSY
2018-04-30,29.94,29.66,30.06,29.4,1520000.0,0.0149,ETSY
2018-05-01,30.32,30.08,30.43,29.87,1350000.0,0.0127,ETSY
2018-05-02,30.77,30.25,31.27,29.83,1950000.0,0.0148,ETSY
2018-05-03,30.85,30.83,31.12,30.25,1410000.0,0.0026,ETSY
2018-05-04,30.59,30.65,31.0,29.79,2020000.0,-0.0084,ETSY
2018-05-07,31.42,30.67,31.83,30.6,2660000.0,0.0271,ETSY
2018-05-08,31.42,31.4,31.83,30.79,3730000.0,0.0,ETSY
2018-05-09,29.99,30.69,30.7,28.08,5490000.0,-0.0455,ETSY
2018-05-10,29.28,30.35,30.5,29.27,2650000.0,-0.023700000000000002,ETSY
2018-05-11,30.01,29.34,30.2,29.32,2320000.0,0.024900000000000002,ETSY
2018-05-14,29.42,30.02,30.45,29.37,1440000.0,-0.0197,ETSY
2018-05-15,29.09,29.15,29.3,28.87,2360000.0,-0.011200000000000002,ETSY
2018-05-16,29.4,29.01,29.75,29.0,1170000.0,0.010700000000000001,ETSY
2018-05-17,29.47,29.46,29.72,29.25,1440000.0,0.0024,ETSY
2018-05-18,29.64,29.44,29.98,29.31,1700000.0,0.0058,ETSY
2018-05-21,29.4,29.7,29.83,29.18,1370000.0,-0.008100000000000001,ETSY
2018-05-22,28.99,29.48,29.61,28.97,928440.0,-0.0139,ETSY
2018-05-23,29.38,28.84,29.52,28.6,1850000.0,0.013500000000000002,ETSY
2018-05-24,29.5,29.47,29.53,28.99,1310000.0,0.0040999999999999995,ETSY
2018-05-25,30.44,29.53,30.58,29.53,2480000.0,0.0319,ETSY
2018-05-29,30.41,30.29,30.9,29.92,1630000.0,-0.001,ETSY
2018-05-30,31.71,30.5,31.79,30.49,2220000.0,0.042699999999999995,ETSY
2018-05-31,32.34,31.79,32.63,31.55,3490000.0,0.0199,ETSY
2018-06-01,31.62,32.5,32.72,31.51,2460000.0,-0.0223,ETSY
2018-06-04,31.67,31.87,31.98,31.04,1750000.0,0.0016,ETSY
2018-06-05,32.92,31.89,33.0,31.6,2480000.0,0.0395,ETSY
2018-06-06,33.48,32.86,33.52,32.57,2330000.0,0.017,ETSY
2018-06-07,33.43,33.84,34.22,33.11,2470000.0,-0.0015,ETSY
2018-06-08,33.25,33.16,33.35,31.8,2530000.0,-0.0054,ETSY
2018-06-11,32.05,33.31,33.38,32.03,1660000.0,-0.0361,ETSY
2018-06-12,33.22,32.32,33.25,32.32,1270000.0,0.0365,ETSY
2018-06-13,32.99,33.3,33.49,32.82,1240000.0,-0.0069,ETSY
2018-06-14,41.65,40.86,44.78,39.84,26710000.0,0.2625,ETSY
2018-06-15,42.54,41.69,43.46,41.66,7830000.0,0.021400000000000002,ETSY
2018-06-18,43.82,42.75,44.69,42.1,6740000.0,0.0301,ETSY
2018-06-19,43.33,43.13,44.11,42.44,3130000.0,-0.011200000000000002,ETSY
2018-06-20,44.21,43.7,44.54,43.22,2480000.0,0.0203,ETSY
2018-06-21,43.6,44.46,45.88,41.7,6900000.0,-0.0138,ETSY
2018-06-22,43.18,43.35,43.9,42.59,2620000.0,-0.0096,ETSY
2018-06-25,41.75,42.63,42.63,41.06,2500000.0,-0.0331,ETSY
2018-06-26,41.98,41.56,42.71,41.11,1690000.0,0.0055000000000000005,ETSY
2018-06-27,40.42,42.15,42.59,40.17,2220000.0,-0.037200000000000004,ETSY
2018-06-28,42.24,41.02,42.34,39.56,2780000.0,0.045,ETSY
2018-06-29,42.19,42.47,43.14,41.59,2440000.0,-0.0012,ETSY
2018-07-02,42.78,41.74,42.94,41.62,1390000.0,0.013999999999999999,ETSY
2018-07-03,42.58,43.09,43.46,42.31,814740.0,-0.004699999999999999,ETSY
2018-07-05,43.86,42.69,43.98,42.69,1470000.0,0.0301,ETSY
2018-07-06,44.71,43.79,44.84,43.55,1610000.0,0.0194,ETSY
2018-07-09,44.51,45.01,45.59,43.6,1620000.0,-0.0045000000000000005,ETSY
2018-07-10,43.79,44.73,45.33,43.58,1270000.0,-0.016200000000000003,ETSY
2018-07-11,43.39,43.38,44.29,42.66,1320000.0,-0.0091,ETSY
2018-07-12,43.24,43.36,43.49,42.74,1770000.0,-0.0034999999999999996,ETSY
2018-07-13,43.0,43.44,43.84,42.56,1170000.0,-0.005600000000000001,ETSY
2018-07-16,42.91,42.9,43.13,42.15,1360000.0,-0.0021,ETSY
2018-07-17,44.25,42.66,44.4,42.34,1220000.0,0.031200000000000002,ETSY
2018-07-18,44.44,44.26,44.61,43.44,2930000.0,0.0043,ETSY
2018-07-19,43.23,44.36,45.25,43.19,1640000.0,-0.027200000000000002,ETSY
2018-07-20,43.8,43.24,44.04,43.21,1070000.0,0.0132,ETSY
2018-07-23,43.23,43.83,43.85,42.36,2390000.0,-0.013000000000000001,ETSY
2018-07-24,41.77,43.54,43.77,41.02,2000000.0,-0.0338,ETSY
2018-07-25,42.98,42.0,43.28,42.0,1590000.0,0.028999999999999998,ETSY
2018-07-26,42.61,42.46,43.11,41.92,2060000.0,-0.0086,ETSY
2018-07-27,41.97,42.71,42.75,41.34,2700000.0,-0.015,ETSY
2018-07-30,40.23,42.14,42.25,39.15,2680000.0,-0.0415,ETSY
2018-07-31,40.86,40.13,41.54,39.64,1640000.0,0.015700000000000002,ETSY
2018-08-01,41.2,41.06,42.0,40.81,2100000.0,0.0083,ETSY
2018-08-02,42.4,40.78,42.48,40.17,1410000.0,0.0291,ETSY
2018-08-03,41.54,42.39,42.82,40.9,1370000.0,-0.0203,ETSY
2018-08-06,42.43,41.74,42.98,41.05,4260000.0,0.021400000000000002,ETSY
2018-08-07,43.84,49.78,50.6,43.53,16690000.000000002,0.0332,ETSY
2018-08-08,43.12,43.53,44.0,42.05,5150000.0,-0.016399999999999998,ETSY
2018-08-09,43.73,42.99,44.0,41.84,2180000.0,0.0141,ETSY
2018-08-10,46.06,43.35,46.61,43.07,4019999.9999999995,0.0533,ETSY
2018-08-13,45.19,46.31,47.39,45.09,3110000.0,-0.0189,ETSY
2018-08-14,46.14,45.55,46.36,44.7,2570000.0,0.021,ETSY
2018-08-15,44.86,45.77,46.0,43.95,3180000.0,-0.0277,ETSY
2018-08-16,45.63,45.42,46.0,45.02,2400000.0,0.0172,ETSY
2018-08-17,46.53,45.63,46.78,45.06,3030000.0,0.0197,ETSY
2018-08-20,46.9,47.02,47.64,45.9,2380000.0,0.008,ETSY
2018-08-21,47.57,47.24,48.03,46.43,2240000.0,0.0143,ETSY
2018-08-22,47.84,47.28,47.91,47.18,1580000.0,0.005699999999999999,ETSY
2018-08-23,48.81,48.16,49.24,47.93,2500000.0,0.0203,ETSY
2018-08-24,49.04,48.93,49.62,48.31,1920000.0,0.004699999999999999,ETSY
2018-08-27,48.14,49.34,49.65,47.73,2470000.0,-0.0184,ETSY
2018-08-28,47.88,48.63,48.72,46.76,2040000.0,-0.0054,ETSY
2018-08-29,47.76,48.24,48.24,47.36,1790000.0,-0.0025,ETSY
2018-08-30,48.31,47.61,49.0,47.04,1470000.0,0.0115,ETSY
2018-08-31,48.69,48.12,49.0,48.08,1030000.0,0.0079,ETSY
2018-09-04,50.66,48.66,50.84,48.66,2690000.0,0.0405,ETSY
2018-09-05,47.39,50.44,50.45,46.43,3430000.0,-0.0645,ETSY
2018-09-06,46.12,47.33,47.39,45.5,2710000.0,-0.0268,ETSY
2018-09-07,47.14,45.62,48.23,45.18,1950000.0,0.022099999999999998,ETSY
2018-09-10,47.19,47.4,47.6,46.42,2200000.0,0.0011,ETSY
2018-09-11,49.4,46.62,49.59,46.58,2390000.0,0.046799999999999994,ETSY
2018-09-12,49.17,49.44,49.89,48.06,2200000.0,-0.004699999999999999,ETSY
2018-09-13,50.55,49.08,50.91,49.08,3030000.0,0.0281,ETSY
2018-09-14,52.85,51.08,53.25,50.59,4280000.0,0.0455,ETSY
2018-09-17,50.1,52.4,53.19,48.51,6670000.0,-0.052000000000000005,ETSY
2018-09-18,51.63,50.52,52.1,50.07,3420000.0,0.0305,ETSY
2018-09-19,50.16,51.67,52.19,49.03,2530000.0,-0.0285,ETSY
2018-09-20,48.75,50.29,50.76,48.29,2900000.0,-0.0281,ETSY
2018-09-21,47.54,48.84,49.1,47.38,3240000.0,-0.0248,ETSY
2018-09-24,49.2,47.11,49.3,46.36,1770000.0,0.0349,ETSY
2018-09-25,50.44,49.5,50.54,49.01,2110000.0,0.0252,ETSY
2018-09-26,50.9,50.67,51.39,49.68,2110000.0,0.0091,ETSY
2018-09-27,52.01,51.18,52.11,50.93,1350000.0,0.0218,ETSY
2018-09-28,51.38,51.65,52.57,51.16,1520000.0,-0.0121,ETSY
2018-10-01,49.96,51.81,52.26,49.69,1940000.0,-0.0276,ETSY
2018-10-02,47.52,50.04,50.49,47.38,2190000.0,-0.048799999999999996,ETSY
2018-10-03,48.14,47.69,48.44,47.43,1970000.0,0.013000000000000001,ETSY
2018-10-04,46.02,47.99,48.45,45.41,2500000.0,-0.044000000000000004,ETSY
2018-10-05,44.4,46.0,47.06,43.41,3490000.0,-0.0352,ETSY
2018-10-08,42.99,43.74,44.24,42.19,2450000.0,-0.0318,ETSY
2018-10-09,42.25,42.27,43.58,41.58,2600000.0,-0.0172,ETSY
2018-10-10,39.98,41.89,42.07,39.84,3790000.0,-0.0537,ETSY
2018-10-11,38.99,39.48,40.21,38.64,3620000.0,-0.0248,ETSY
2018-10-12,41.55,40.41,41.83,40.27,4380000.0,0.06570000000000001,ETSY
2018-10-15,41.15,41.39,42.2,40.37,1910000.0,-0.0096,ETSY
2018-10-16,43.41,41.99,43.53,41.89,2190000.0,0.054900000000000004,ETSY
2018-10-17,43.17,43.58,43.98,42.36,1350000.0,-0.0055000000000000005,ETSY
2018-10-18,43.25,43.04,43.81,42.3,1690000.0,0.0019,ETSY
2018-10-19,41.49,43.32,44.1,41.04,2120000.0,-0.0407,ETSY
2018-10-22,43.69,41.87,43.84,41.49,2250000.0,0.053,ETSY
2018-10-23,42.67,42.34,42.98,41.33,1840000.0,-0.0233,ETSY
2018-10-24,41.81,44.5,44.6,41.77,2990000.0,-0.0202,ETSY
2018-10-25,43.5,42.23,44.31,40.98,1950000.0,0.0404,ETSY
2018-10-26,40.87,42.03,42.53,40.16,2170000.0,-0.0605,ETSY
2018-10-29,38.97,41.54,41.81,38.02,2120000.0,-0.04650000000000001,ETSY
2018-10-30,41.39,38.79,41.45,38.08,2120000.0,0.0621,ETSY
2018-10-31,42.52,42.23,43.9,42.04,2049999.9999999998,0.0273,ETSY
2018-11-01,43.46,42.45,43.55,40.93,1960000.0,0.022099999999999998,ETSY
2018-11-02,42.84,43.7,44.1,42.38,1650000.0,-0.0143,ETSY
2018-11-05,42.13,42.89,43.46,40.82,1850000.0,-0.0166,ETSY
2018-11-06,40.43,42.41,42.48,39.88,4240000.0,-0.0404,ETSY
2018-11-07,50.01,46.24,51.5,45.58,14080000.0,0.237,ETSY
2018-11-08,54.1,50.62,54.59,48.8,9780000.0,0.0818,ETSY
2018-11-09,52.01,53.5,55.71,51.7,5690000.0,-0.038599999999999995,ETSY
2018-11-12,50.71,51.41,52.57,50.27,2480000.0,-0.025,ETSY
2018-11-13,47.35,51.0,51.42,46.9,4720000.0,-0.0663,ETSY
2018-11-14,47.71,48.15,49.15,47.05,2640000.0,0.0076,ETSY
2018-11-15,48.72,47.39,48.96,46.69,2100000.0,0.0212,ETSY
2018-11-16,47.26,47.69,48.05,45.31,2720000.0,-0.03,ETSY
2018-11-19,45.45,47.04,47.4,45.1,2020000.0,-0.0383,ETSY
2018-11-20,43.21,43.23,44.43,42.06,4720000.0,-0.0493,ETSY
2018-11-21,44.02,44.29,44.8,43.3,1980000.0,0.0187,ETSY
2018-11-23,45.27,43.8,45.76,43.78,929420.0,0.028399999999999998,ETSY
2018-11-26,48.23,46.03,48.36,45.24,2260000.0,0.0654,ETSY
2018-11-27,48.58,47.87,49.52,47.62,1960000.0,0.0073,ETSY
2018-11-28,51.38,49.24,51.67,48.82,2270000.0,0.0576,ETSY
2018-11-29,52.8,50.99,53.47,50.62,2330000.0,0.0276,ETSY
2018-11-30,54.04,52.8,55.14,52.8,2820000.0,0.0235,ETSY
2018-12-03,56.61,56.34,56.97,53.39,3110000.0,0.047599999999999996,ETSY
2018-12-04,54.87,56.27,58.3,54.62,3180000.0,-0.030699999999999998,ETSY
2018-12-06,55.5,54.39,55.68,52.08,2930000.0,0.0115,ETSY
2018-12-07,53.92,56.2,57.15,52.68,2130000.0,-0.0285,ETSY
2018-12-10,55.34,53.9,55.74,53.45,1900000.0,0.0263,ETSY
2018-12-11,55.28,56.65,56.99,54.53,1560000.0,-0.0011,ETSY
2018-12-12,57.43,56.14,57.95,55.91,2230000.0,0.038900000000000004,ETSY
2018-12-13,55.05,56.85,57.7,54.26,4370000.0,-0.0414,ETSY
2018-12-14,54.34,54.55,56.34,53.9,1710000.0,-0.0129,ETSY
2018-12-17,51.17,53.86,54.0,50.59,2380000.0,-0.0583,ETSY
2018-12-18,51.85,51.41,52.88,50.21,2450000.0,0.013300000000000001,ETSY
2018-12-19,50.06,51.96,53.25,49.26,2790000.0,-0.0345,ETSY
2018-12-20,48.26,49.75,50.81,46.73,3430000.0,-0.036000000000000004,ETSY
2018-12-21,43.68,47.54,47.88,43.26,5020000.0,-0.0949,ETSY
2018-12-24,43.12,42.29,44.28,42.0,1470000.0,-0.0128,ETSY
2018-12-26,46.9,43.31,46.95,43.18,3770000.0,0.0877,ETSY
2018-12-27,47.35,46.03,47.35,44.8,1840000.0,0.0096,ETSY
2018-12-28,47.29,47.76,48.38,46.04,1240000.0,-0.0013,ETSY
2018-12-31,47.57,47.9,48.58,47.34,1530000.0,0.0059,ETSY
2019-01-02,47.0,46.23,47.73,45.28,1970000.0,-0.012,ETSY
2019-01-03,46.03,46.33,47.56,45.71,1800000.0,-0.0206,ETSY
2019-01-04,49.7,48.06,50.88,47.41,4070000.0000000005,0.0797,ETSY
2019-01-07,51.57,50.18,52.28,49.29,3150000.0,0.037599999999999995,ETSY
2019-01-08,53.88,53.14,54.0,51.54,2820000.0,0.044800000000000006,ETSY
2019-01-09,52.77,53.91,54.8,52.55,2080000.0,-0.0206,ETSY
2019-01-10,51.34,52.15,52.26,50.07,2950000.0,-0.0271,ETSY
2019-01-11,52.07,50.92,52.62,50.8,1950000.0,0.014199999999999999,ETSY
2019-01-14,52.04,51.5,52.34,50.6,1310000.0,-0.0006,ETSY
2019-01-15,54.33,52.32,54.38,52.25,1680000.0,0.044000000000000004,ETSY
2019-01-16,54.53,54.62,56.42,54.34,2460000.0,0.0037,ETSY
2019-01-17,54.59,53.71,55.08,53.56,1540000.0,0.0011,ETSY
2019-01-18,55.83,55.04,56.39,53.73,1970000.0,0.0227,ETSY
2019-01-22,53.54,55.3,56.11,52.7,2089999.9999999998,-0.040999999999999995,ETSY
2019-01-23,53.83,54.01,55.37,53.65,1310000.0,0.0054,ETSY
2019-01-24,54.34,54.0,54.46,53.26,911800.0,0.0095,ETSY
2019-01-25,55.0,54.9,55.59,54.03,1360000.0,0.0121,ETSY
2019-01-28,54.92,54.3,54.96,53.26,1260000.0,-0.0015,ETSY
2019-01-29,53.52,55.01,55.88,53.09,1330000.0,-0.0255,ETSY
2019-01-30,54.19,54.12,54.43,52.62,1990000.0,0.0125,ETSY
2019-01-31,54.65,53.94,55.24,53.94,1510000.0,0.0085,ETSY
2019-02-01,54.38,54.37,54.97,53.8,1850000.0,-0.0049,ETSY
2019-02-04,54.74,54.33,55.15,54.29,2310000.0,0.0066,ETSY
2019-02-05,55.44,55.19,60.58,54.86,10010000.0,0.0128,ETSY
2019-02-06,52.59,55.78,55.8,50.94,5700000.0,-0.051399999999999994,ETSY
2019-02-07,51.53,51.81,52.0,50.14,2470000.0,-0.0202,ETSY
2019-02-08,53.15,51.06,53.43,50.5,2550000.0,0.031400000000000004,ETSY
2019-02-11,53.15,53.79,54.33,52.7,2120000.0,0.0,ETSY
2019-02-12,55.83,53.94,55.83,53.85,2580000.0,0.0504,ETSY
2019-02-13,55.04,55.96,57.0,54.09,2069999.9999999998,-0.014199999999999999,ETSY
2019-02-14,54.06,54.16,54.53,53.39,1600000.0,-0.0178,ETSY
2019-02-15,54.66,54.48,55.14,54.0,2540000.0,0.0111,ETSY
2019-02-19,55.28,54.4,55.84,54.23,1440000.0,0.0113,ETSY
2019-02-20,54.18,55.55,55.69,54.12,1680000.0,-0.0199,ETSY
2019-02-21,53.03,53.98,54.24,52.22,1910000.0,-0.0212,ETSY
2019-02-22,56.67,53.59,56.93,53.51,3840000.0,0.06860000000000001,ETSY
2019-02-25,59.01,59.85,60.5,55.86,12650000.0,0.041299999999999996,ETSY
2019-02-26,68.65,65.22,69.5,64.25,23790000.0,0.1634,ETSY
2019-02-27,71.74,68.23,72.0,68.05,6780000.0,0.045,ETSY
2019-02-28,71.27,71.65,72.45,69.64,4880000.0,-0.0066,ETSY
2019-03-01,72.77,72.0,73.33,71.48,3380000.0,0.021,ETSY
2019-03-04,68.99,73.29,73.34,66.95,5150000.0,-0.0519,ETSY
2019-03-05,70.61,68.86,71.0,67.89,2400000.0,0.0235,ETSY
2019-03-06,70.04,70.19,71.09,69.26,1760000.0,-0.008100000000000001,ETSY
2019-03-07,67.24,70.26,71.91,65.75,6630000.0,-0.04,ETSY
2019-03-08,67.77,64.0,68.25,62.03,3290000.0,0.0079,ETSY
2019-03-11,70.66,67.79,71.28,67.74,3020000.0,0.0426,ETSY
2019-03-12,71.15,70.51,71.68,69.3,1780000.0,0.0069,ETSY
2019-03-13,70.15,71.61,72.39,69.93,2350000.0,-0.0141,ETSY
2019-03-14,69.91,70.2,70.8,69.39,1590000.0,-0.0034000000000000002,ETSY
2019-03-15,69.89,70.5,71.5,69.65,5160000.0,-0.0003,ETSY
2019-03-18,69.55,69.87,70.19,68.53,1960000.0,-0.0049,ETSY
2019-03-19,68.5,70.21,70.4,68.28,1990000.0,-0.0151,ETSY
2019-03-20,68.9,68.26,69.72,67.9,1810000.0,0.0058,ETSY
2019-03-21,69.44,68.56,70.15,68.56,1360000.0,0.0078000000000000005,ETSY
2019-03-22,66.02,68.97,69.25,65.57,2260000.0,-0.0493,ETSY
2019-03-25,67.86,66.02,68.07,65.05,2400000.0,0.0279,ETSY
2019-03-26,67.74,68.47,69.05,67.44,1430000.0,-0.0018,ETSY
2019-03-27,65.51,67.66,68.03,64.95,1600000.0,-0.0329,ETSY
2019-03-28,67.13,66.07,67.2,65.17,1460000.0,0.024700000000000003,ETSY
2019-03-29,67.22,67.49,68.5,67.02,1220000.0,0.0013,ETSY
2019-04-01,68.16,67.96,68.6,66.32,1680000.0,0.013999999999999999,ETSY
2019-04-02,69.73,68.5,70.69,68.34,3550000.0,0.023,ETSY
2019-04-03,69.46,69.82,70.3,69.01,1910000.0,-0.0039000000000000003,ETSY
2019-04-04,68.3,70.14,70.35,66.05,2700000.0,-0.0167,ETSY
2019-04-05,68.22,68.4,69.14,67.81,1290000.0,-0.0012,ETSY
2019-04-08,67.65,67.88,67.9,66.31,1050000.0,-0.0084,ETSY
2019-04-09,66.69,67.41,68.2,66.6,1250000.0,-0.014199999999999999,ETSY
2019-04-10,68.21,66.8,68.92,66.8,1060000.0,0.022799999999999997,ETSY
2019-04-11,67.65,68.41,69.28,67.54,1110000.0,-0.008199999999999999,ETSY
2019-04-12,65.38,68.25,68.29,65.06,2069999.9999999998,-0.0336,ETSY
2019-04-15,66.2,65.38,66.49,65.01,1360000.0,0.0125,ETSY
2019-04-16,66.28,66.69,67.38,66.05,1270000.0,0.0012,ETSY
2019-04-17,64.25,66.69,67.04,63.98,1580000.0,-0.030600000000000002,ETSY
2019-04-18,63.4,64.03,64.22,62.21,1810000.0,-0.0132,ETSY
2019-04-22,63.51,63.04,63.78,62.68,969960.0,0.0017000000000000001,ETSY
2019-04-23,65.22,63.95,65.56,63.72,1770000.0,0.0269,ETSY
2019-04-24,66.08,65.97,66.53,65.09,1390000.0,0.0132,ETSY
2019-04-25,67.85,66.27,68.21,65.91,1690000.0,0.0268,ETSY
2019-04-26,67.71,67.87,68.43,67.14,1200000.0,-0.0021,ETSY
2019-04-29,69.41,68.0,69.64,67.51,1410000.0,0.025099999999999997,ETSY
2019-04-30,67.54,69.13,69.78,65.81,2390000.0,-0.0269,ETSY
2019-05-01,66.79,68.09,68.72,66.74,1670000.0,-0.0111,ETSY
2019-05-02,68.07,66.63,68.09,65.75,1370000.0,0.0192,ETSY
2019-05-03,69.65,68.9,70.09,67.83,1580000.0,0.0232,ETSY
2019-05-06,69.03,67.93,69.43,67.4,1770000.0,-0.0089,ETSY
2019-05-07,66.97,68.12,68.85,65.67,1930000.0,-0.0298,ETSY
2019-05-08,68.08,66.75,68.21,65.9,3980000.0,0.0166,ETSY
2019-05-09,60.76,63.25,65.2,59.54,10280000.0,-0.1075,ETSY
2019-05-10,61.8,61.36,63.2,59.84,4110000.0000000005,0.0171,ETSY
2019-05-13,57.23,59.68,59.93,56.94,4070000.0000000005,-0.0739,ETSY
2019-05-14,58.82,58.0,59.21,57.18,1870000.0,0.0278,ETSY
2019-05-15,61.89,58.05,61.96,58.02,2300000.0,0.052199999999999996,ETSY
2019-05-16,63.65,61.91,64.24,61.91,2350000.0,0.028399999999999998,ETSY
2019-05-17,62.78,62.64,64.13,62.24,1840000.0,-0.0137,ETSY
2019-05-20,63.12,61.58,63.41,61.01,1840000.0,0.0054,ETSY
2019-05-21,65.21,63.92,65.61,63.79,2029999.9999999998,0.0331,ETSY
2019-05-22,64.01,64.82,65.52,64.0,1180000.0,-0.0184,ETSY
2019-05-23,63.32,62.56,63.89,61.75,2150000.0,-0.0108,ETSY
2019-05-24,64.71,63.7,64.72,63.65,1060000.0,0.022000000000000002,ETSY
2019-05-28,65.03,65.1,66.21,64.35,1940000.0,0.0049,ETSY
2019-05-29,62.13,64.21,64.22,61.33,1720000.0,-0.0446,ETSY
2019-05-30,62.95,62.54,63.41,61.42,1220000.0,0.0132,ETSY
2019-05-31,62.31,61.61,63.02,60.69,1560000.0,-0.0102,ETSY
2019-06-03,61.07,61.95,62.7,60.21,1830000.0,-0.0199,ETSY
2019-06-04,61.25,61.58,62.06,59.73,2290000.0,0.0029,ETSY
2019-06-05,61.49,61.15,62.48,60.32,1500000.0,0.0039000000000000003,ETSY
2019-06-06,61.96,61.11,62.21,60.39,1270000.0,0.0076,ETSY
2019-06-07,63.89,62.29,64.86,62.24,1930000.0,0.0311,ETSY
2019-06-10,65.31,64.92,67.21,64.62,2270000.0,0.0222,ETSY
2019-06-11,67.18,65.78,67.86,65.7,2670000.0,0.0286,ETSY
2019-06-12,69.17,67.25,69.72,66.52,3210000.0,0.0296,ETSY
2019-06-13,70.05,70.07,71.8,69.53,2720000.0,0.0127,ETSY
2019-06-14,67.8,70.12,70.19,67.45,1860000.0,-0.0321,ETSY
2019-06-17,68.46,68.32,69.35,67.59,1320000.0,0.0097,ETSY
2019-06-18,66.95,69.0,69.66,65.94,2430000.0,-0.022099999999999998,ETSY
2019-06-19,68.14,67.29,68.49,66.23,1440000.0,0.0178,ETSY
2019-06-20,68.83,69.38,69.96,68.11,1700000.0,0.0101,ETSY
2019-06-21,65.78,68.39,68.64,65.66,2330000.0,-0.0443,ETSY
2019-06-24,63.93,66.36,66.4,63.87,2250000.0,-0.0281,ETSY
2019-06-25,61.79,63.68,64.5,61.27,3150000.0,-0.0335,ETSY
2019-06-26,60.36,62.14,62.89,59.91,2350000.0,-0.0231,ETSY
2019-06-27,62.36,60.44,62.8,60.29,3220000.0,0.0331,ETSY
2019-06-28,61.37,62.27,62.55,61.09,16250000.0,-0.0159,ETSY
2019-07-01,62.06,63.58,63.75,61.25,4600000.0,0.011200000000000002,ETSY
2019-07-02,62.64,61.74,62.67,60.7,2740000.0,0.009300000000000001,ETSY
2019-07-03,64.28,62.55,64.52,62.55,1030000.0,0.0262,ETSY
2019-07-05,63.38,63.87,63.89,62.71,1460000.0,-0.013999999999999999,ETSY
2019-07-08,64.01,63.08,64.31,62.31,1620000.0,0.009899999999999999,ETSY
2019-07-09,66.86,64.32,67.12,63.99,3060000.0,0.044500000000000005,ETSY
2019-07-10,66.45,67.53,68.36,66.11,2330000.0,-0.0060999999999999995,ETSY
2019-07-11,64.99,66.46,66.95,64.34,1460000.0,-0.022000000000000002,ETSY
2019-07-12,64.6,65.32,65.77,64.1,1400000.0,-0.006,ETSY
2019-07-15,65.55,65.13,65.69,64.47,1190000.0,0.0147,ETSY
2019-07-16,64.21,65.28,65.53,63.56,1420000.0,-0.0204,ETSY
2019-07-17,63.42,64.36,64.7,63.34,1630000.0,-0.0123,ETSY
2019-07-18,65.2,63.48,65.33,63.34,1980000.0,0.0281,ETSY
2019-07-19,65.85,65.5,66.22,65.3,1350000.0,0.01,ETSY
2019-07-22,68.53,66.38,68.62,65.81,2120000.0,0.0407,ETSY
2019-07-23,67.82,68.97,69.16,67.1,2650000.0,-0.0104,ETSY
2019-07-24,68.05,67.74,68.67,67.58,2300000.0,0.0034000000000000002,ETSY
2019-07-25,68.73,68.95,69.95,67.72,2460000.0,0.01,ETSY
2019-07-26,70.86,68.64,71.08,68.64,2370000.0,0.031,ETSY
2019-07-29,69.12,70.55,70.6,68.11,1500000.0,-0.0246,ETSY
2019-07-30,68.0,68.58,69.09,67.86,1290000.0,-0.016200000000000003,ETSY
2019-07-31,67.02,68.04,68.59,66.0,1960000.0,-0.0144,ETSY
2019-08-01,68.14,67.27,70.1,66.27,5420000.0,0.0167,ETSY
2019-08-02,59.71,64.08,68.65,59.68,8310000.000000001,-0.12369999999999999,ETSY
2019-08-05,53.94,56.48,57.76,52.82,6280000.0,-0.0966,ETSY
2019-08-06,55.39,55.68,56.4,54.66,3650000.0,0.0269,ETSY
2019-08-07,56.06,55.03,56.52,53.62,3310000.0,0.0121,ETSY
2019-08-08,58.04,56.55,58.85,56.09,3180000.0,0.0353,ETSY
2019-08-09,56.43,57.35,57.62,56.14,1960000.0,-0.0277,ETSY
2019-08-12,54.97,55.76,56.0,54.15,1510000.0,-0.0259,ETSY
2019-08-13,55.74,54.52,56.77,54.51,1480000.0,0.013999999999999999,ETSY
2019-08-14,52.84,53.78,54.5,52.48,1750000.0,-0.052000000000000005,ETSY
2019-08-15,51.71,52.49,53.01,51.27,2650000.0,-0.021400000000000002,ETSY
2019-08-16,52.61,52.38,52.91,51.78,1840000.0,0.0174,ETSY
2019-08-19,52.41,53.48,53.53,51.49,3120000.0,-0.0038,ETSY
2019-08-20,52.89,52.43,53.37,51.75,2170000.0,0.0092,ETSY
2019-08-21,54.25,53.54,55.14,53.13,2060000.0,0.025699999999999997,ETSY
2019-08-22,55.38,55.83,56.06,53.95,2330000.0,0.0208,ETSY
2019-08-23,54.09,54.36,55.5,53.83,2150000.0,-0.0233,ETSY
2019-08-26,53.58,54.38,54.82,53.03,1560000.0,-0.009399999999999999,ETSY
2019-08-27,53.41,53.92,54.48,53.22,2280000.0,-0.0032,ETSY
2019-08-28,54.34,53.04,54.48,52.52,896840.0,0.0174,ETSY
2019-08-29,54.4,55.5,55.5,53.97,1000000.0,0.0011,ETSY
2019-08-30,52.79,54.9,54.9,52.14,1960000.0,-0.0296,ETSY
2019-09-03,50.3,51.85,52.33,49.64,2680000.0,-0.0472,ETSY
2019-09-04,50.15,51.2,51.65,49.99,2230000.0,-0.003,ETSY
2019-09-05,50.1,49.25,50.42,47.81,3790000.0,-0.001,ETSY
2019-09-06,47.98,50.26,50.48,47.7,3700000.0,-0.042300000000000004,ETSY
2019-09-09,50.5,49.6,50.55,48.92,5490000.0,0.0525,ETSY
2019-09-10,50.53,49.86,51.93,49.38,3810000.0,0.0006,ETSY
2019-09-11,52.67,50.44,52.75,49.72,3780000.0,0.0424,ETSY
2019-09-12,54.88,53.24,55.92,53.16,3850000.0,0.042,ETSY
2019-09-13,56.86,56.23,57.28,55.66,4840000.0,0.0361,ETSY
2019-09-16,57.84,56.23,57.97,55.35,3010000.0,0.0172,ETSY
2019-09-17,59.85,57.89,59.93,57.35,3750000.0,0.0348,ETSY
2019-09-18,59.45,59.73,61.19,58.1,3890000.0,-0.0067,ETSY
2019-09-19,59.07,60.23,60.43,58.26,9550000.0,-0.0064,ETSY
2019-09-20,60.41,60.91,61.15,58.28,22590000.0,0.0227,ETSY
2019-09-23,60.54,60.44,61.54,60.15,3660000.0,0.0022,ETSY
2019-09-24,56.9,60.38,61.22,56.69,4270000.0,-0.0601,ETSY
2019-09-25,55.0,56.64,56.93,54.6,6620000.0,-0.0334,ETSY
2019-09-26,54.4,54.74,55.3,53.42,5040000.0,-0.0109,ETSY
2019-09-27,54.81,54.69,55.16,53.74,2540000.0,0.0075,ETSY
2019-09-30,56.5,54.98,56.58,54.85,2520000.0,0.0308,ETSY
2019-10-01,55.3,56.72,57.33,55.15,2170000.0,-0.0212,ETSY
2019-10-02,53.91,54.58,54.67,52.85,3090000.0,-0.025099999999999997,ETSY
2019-10-03,55.82,53.83,55.84,53.48,2760000.0,0.0354,ETSY
2019-10-04,56.48,57.15,58.09,55.61,2650000.0,0.0118,ETSY
2019-10-07,55.92,55.84,56.7,55.33,2750000.0,-0.009899999999999999,ETSY
2019-10-08,55.21,55.04,55.94,54.6,2440000.0,-0.0127,ETSY
2019-10-09,57.2,55.55,57.8,55.29,2230000.0,0.036000000000000004,ETSY
2019-10-10,57.77,56.9,58.49,56.14,2620000.0,0.01,ETSY
2019-10-11,59.26,58.75,60.39,58.75,2810000.0,0.0258,ETSY
2019-10-14,59.11,59.22,59.8,58.53,1510000.0,-0.0025,ETSY
2019-10-15,60.02,59.27,60.88,58.92,1630000.0,0.0154,ETSY
2019-10-16,58.55,60.02,60.13,58.29,2320000.0,-0.0245,ETSY
2019-10-17,60.42,59.19,60.8,58.8,1770000.0,0.0319,ETSY
2019-10-18,57.61,59.2,59.5,56.8,2920000.0,-0.04650000000000001,ETSY
2019-10-21,58.04,58.13,58.53,57.65,1210000.0,0.0075,ETSY
2019-10-22,56.83,58.18,58.18,56.67,2440000.0,-0.0208,ETSY
2019-10-23,56.64,56.68,57.38,56.16,2440000.0,-0.0033,ETSY
2019-10-24,57.75,56.97,58.33,55.8,4210000.0,0.0196,ETSY
2019-10-25,58.67,57.41,59.0,55.67,4680000.0,0.0159,ETSY
2019-10-28,57.32,59.24,59.38,57.15,2660000.0,-0.023,ETSY
2019-10-29,54.41,57.32,57.32,53.62,4620000.0,-0.0508,ETSY
2019-10-30,52.8,54.55,54.81,51.86,7100000.0,-0.0296,ETSY
2019-10-31,44.49,46.38,46.63,43.55,16320000.0,-0.1574,ETSY
2019-11-01,45.66,44.45,46.72,43.94,6330000.0,0.0263,ETSY
2019-11-04,44.74,45.88,45.95,44.65,4870000.0,-0.020099999999999996,ETSY
2019-11-05,43.23,44.85,44.91,43.14,3560000.0,-0.0338,ETSY
2019-11-06,42.62,43.23,43.33,42.0,3970000.0,-0.0141,ETSY
2019-11-07,41.86,42.74,43.0,41.42,3470000.0,-0.0178,ETSY
2019-11-08,41.99,41.72,42.58,41.47,3330000.0,0.0031,ETSY
2019-11-11,40.83,41.77,42.08,40.78,4380000.0,-0.0276,ETSY
2019-11-12,40.8,41.12,41.95,40.45,5040000.0,-0.0007000000000000001,ETSY
2019-11-13,40.68,40.64,40.75,39.81,3150000.0,-0.0029,ETSY
2019-11-14,41.84,40.6,42.03,40.5,4460000.0,0.0285,ETSY
2019-11-15,42.0,42.3,42.98,41.74,5040000.0,0.0038,ETSY
2019-11-18,41.99,42.06,42.65,41.88,2950000.0,-0.0002,ETSY
2019-11-19,40.86,42.36,42.73,40.73,3100000.0,-0.0269,ETSY
2019-11-20,40.64,40.97,41.65,40.06,5080000.0,-0.0054,ETSY
2019-11-21,41.48,40.8,41.56,40.51,3490000.0,0.0207,ETSY
2019-11-22,41.84,41.64,42.4,41.28,2200000.0,0.0087,ETSY
2019-11-25,42.77,42.23,43.28,42.23,2700000.0,0.0222,ETSY
2019-11-26,43.38,43.0,44.27,43.0,3570000.0,0.0143,ETSY
2019-11-27,44.42,43.73,44.7,43.56,2440000.0,0.024,ETSY
2019-11-29,43.39,44.42,44.69,43.21,1490000.0,-0.0232,ETSY
2019-12-02,43.12,43.71,43.75,41.73,2820000.0,-0.0062,ETSY
2019-12-03,42.63,41.92,42.97,41.69,2270000.0,-0.011399999999999999,ETSY
2019-12-04,42.14,42.99,43.29,41.97,2500000.0,-0.0115,ETSY
2019-12-05,41.07,40.47,41.82,39.76,6420000.0,-0.0254,ETSY
2019-12-06,41.23,41.28,42.33,40.98,2390000.0,0.0039000000000000003,ETSY
2019-12-09,41.16,41.26,41.98,40.96,2180000.0,-0.0017000000000000001,ETSY
2019-12-10,40.51,41.01,41.1,40.1,1930000.0,-0.0158,ETSY
2019-12-11,41.03,40.54,41.28,40.4,1320000.0,0.0128,ETSY
2019-12-12,41.98,41.01,42.28,40.9,2200000.0,0.0232,ETSY
2019-12-13,42.29,43.1,43.37,41.9,2160000.0,0.0074,ETSY
2019-12-16,43.1,42.49,43.53,42.33,3070000.0,0.0192,ETSY
2019-12-17,43.05,43.09,43.19,41.94,3010000.0,-0.0012,ETSY
2019-12-18,42.34,43.3,43.3,42.22,2610000.0,-0.0165,ETSY
2019-12-19,43.94,42.67,44.44,42.59,3410000.0,0.0378,ETSY
2019-12-20,44.06,44.21,44.51,43.53,3000000.0,0.0027,ETSY
2019-12-23,44.78,44.31,45.12,43.92,1640000.0,0.0163,ETSY
2019-12-24,44.67,45.13,45.24,44.55,616340.0,-0.0025,ETSY
2019-12-26,45.41,44.94,45.82,44.93,1650000.0,0.0166,ETSY
2019-12-27,44.98,45.74,45.91,44.81,1880000.0,-0.0095,ETSY
2019-12-30,44.47,45.11,45.48,44.42,1350000.0,-0.0113,ETSY
2019-12-31,44.3,44.2,44.68,43.75,2320000.0,-0.0038,ETSY
2020-01-02,45.19,44.71,45.61,44.71,2150000.0,0.020099999999999996,ETSY
2020-01-03,44.9,44.5,45.32,44.02,2110000.0,-0.0064,ETSY
2020-01-06,44.84,44.67,45.19,44.36,2080000.0,-0.0013,ETSY
2020-01-07,45.78,45.0,46.12,44.9,1950000.0,0.021,ETSY
2020-01-08,45.01,45.84,46.62,44.88,3220000.0,-0.0168,ETSY
2020-01-09,46.43,45.3,46.63,44.8,2430000.0,0.0315,ETSY
2020-01-10,46.13,46.8,46.96,45.89,1980000.0,-0.006500000000000001,ETSY
2020-01-13,47.96,46.28,48.12,46.09,3240000.0,0.0397,ETSY
2020-01-14,49.15,48.09,49.32,48.02,4490000.0,0.0248,ETSY
2020-01-15,48.86,49.09,50.28,48.55,2950000.0,-0.0059,ETSY
2020-01-16,50.9,49.36,51.24,49.28,3110000.0,0.0418,ETSY
2020-01-17,51.44,51.12,51.62,50.71,2170000.0,0.0106,ETSY
2020-01-21,50.7,51.37,51.39,49.75,2980000.0,-0.0144,ETSY
2020-01-22,50.24,51.06,51.78,50.04,1790000.0,-0.0091,ETSY
2020-01-23,50.23,50.0,50.46,48.78,2240000.0,-0.0002,ETSY
2020-01-24,50.52,50.55,51.21,50.06,2240000.0,0.0058,ETSY
2020-01-27,49.32,48.75,49.58,47.33,2200000.0,-0.023799999999999998,ETSY
2020-01-28,49.83,49.8,50.43,49.38,4230000.0,0.0103,ETSY
2020-01-29,50.15,49.83,50.98,49.83,1900000.0,0.0064,ETSY
2020-01-30,50.29,49.66,50.41,49.36,1650000.0,0.0028000000000000004,ETSY
2020-01-31,48.81,50.3,50.35,48.48,2130000.0,-0.0294,ETSY
2020-02-03,49.36,49.04,49.8,48.78,1850000.0,0.0113,ETSY
2020-02-04,50.72,49.95,51.25,49.78,1670000.0,0.0276,ETSY
2020-02-05,49.57,51.6,51.6,49.5,1640000.0,-0.0227,ETSY
2020-02-06,49.48,49.71,49.75,49.01,1260000.0,-0.0018,ETSY
2020-02-07,49.64,49.35,49.9,48.6,1560000.0,0.0032,ETSY
2020-02-10,50.37,49.57,50.47,49.43,1400000.0,0.0147,ETSY
2020-02-11,50.56,50.41,51.45,50.18,1390000.0,0.0038,ETSY
2020-02-12,52.25,51.29,52.59,51.1,1570000.0,0.0334,ETSY
2020-02-13,52.97,51.79,53.14,51.5,2130000.0,0.0138,ETSY
2020-02-14,53.16,53.39,53.54,52.2,2069999.9999999998,0.0036,ETSY
2020-02-18,53.32,53.02,53.8,52.65,1820000.0,0.003,ETSY
2020-02-19,53.18,53.79,54.25,52.9,2700000.0,-0.0026,ETSY
2020-02-20,54.39,53.37,55.48,53.18,3450000.0,0.022799999999999997,ETSY
2020-02-21,53.7,54.18,54.27,52.84,2009999.9999999998,-0.0127,ETSY
2020-02-24,51.33,50.97,51.94,50.06,3820000.0,-0.0441,ETSY
2020-02-25,49.89,52.05,52.76,49.2,4000000.0,-0.0281,ETSY
2020-02-26,50.69,50.29,52.65,50.0,6560000.0,0.016,ETSY
2020-02-27,57.92,55.42,60.08,53.81,13160000.0,0.1426,ETSY
2020-02-28,57.81,56.85,59.82,56.32,5820000.0,-0.0019,ETSY
2020-03-02,58.84,58.02,59.79,56.91,5570000.0,0.0178,ETSY
2020-03-03,58.21,58.92,59.93,56.82,4050000.0,-0.010700000000000001,ETSY
2020-03-04,62.46,59.08,63.15,57.85,4780000.0,0.073,ETSY
2020-03-05,62.13,61.01,63.24,60.83,3510000.0,-0.0053,ETSY
2020-03-06,60.65,60.5,62.88,59.25,3730000.0,-0.023799999999999998,ETSY
2020-03-09,58.5,55.65,59.46,54.23,3750000.0,-0.0354,ETSY
2020-03-10,57.97,60.2,60.74,55.39,4110000.0000000005,-0.0091,ETSY
2020-03-11,50.23,56.55,56.97,49.8,6860000.0,-0.1335,ETSY
2020-03-12,44.04,45.27,47.85,43.12,6110000.0,-0.1232,ETSY
2020-03-13,49.01,46.5,49.06,44.29,3970000.0,0.11289999999999999,ETSY
2020-03-16,41.65,44.15,44.29,40.67,4019999.9999999995,-0.1502,ETSY
2020-03-17,42.12,42.28,43.14,38.9,3310000.0,0.0113,ETSY
2020-03-18,39.25,39.63,40.36,34.22,4640000.0,-0.0681,ETSY
2020-03-19,34.66,37.75,38.12,33.59,8010000.0,-0.11689999999999999,ETSY
2020-03-20,31.69,35.88,36.2,31.0,5860000.0,-0.0857,ETSY
2020-03-23,33.03,31.6,33.74,29.95,4090000.0,0.042300000000000004,ETSY
2020-03-24,38.13,35.21,38.98,34.34,5540000.0,0.15439999999999998,ETSY
2020-03-25,41.29,39.03,43.93,37.7,4980000.0,0.08289999999999999,ETSY
2020-03-26,41.88,42.36,44.2,40.88,4490000.0,0.0143,ETSY
2020-03-27,38.67,40.11,40.37,38.09,3810000.0,-0.0766,ETSY
2020-03-30,38.67,38.19,38.96,36.79,3030000.0,0.0,ETSY
2020-03-31,38.44,38.44,40.32,37.38,2830000.0,-0.0059,ETSY
2020-04-01,35.45,36.5,37.5,35.16,2230000.0,-0.07780000000000001,ETSY
2020-04-02,34.8,34.88,37.04,33.96,3410000.0,-0.0183,ETSY
2020-04-03,38.15,34.75,39.5,34.75,5500000.0,0.09630000000000001,ETSY
2020-04-06,46.46,41.05,46.87,40.32,9000000.0,0.21780000000000002,ETSY
2020-04-07,47.69,49.35,51.06,46.93,6560000.0,0.0265,ETSY
2020-04-08,51.0,48.5,52.08,47.87,4950000.0,0.0694,ETSY
2020-04-09,53.68,52.82,54.17,51.64,4110000.0000000005,0.0525,ETSY
2020-04-13,55.44,53.43,55.79,51.76,4310000.0,0.032799999999999996,ETSY
2020-04-14,57.66,55.76,57.76,54.7,3850000.0,0.04,ETSY
2020-04-15,56.72,56.0,57.25,54.95,2190000.0,-0.0163,ETSY
2020-04-16,59.72,57.4,59.99,56.64,3790000.0,0.0529,ETSY
2020-04-17,61.06,60.73,61.63,59.76,3150000.0,0.022400000000000003,ETSY
2020-04-20,65.05,60.78,66.25,60.3,6020000.0,0.0653,ETSY
2020-04-21,61.37,65.43,66.55,60.7,7520000.0,-0.056600000000000004,ETSY
2020-04-22,62.75,63.7,64.33,62.26,2880000.0,0.0225,ETSY
2020-04-23,62.85,63.34,63.4,61.78,1990000.0,0.0016,ETSY
2020-04-24,66.19,64.05,67.02,63.61,3530000.0,0.053099999999999994,ETSY
2020-04-27,69.28,67.37,70.58,67.25,3830000.0,0.0467,ETSY
2020-04-28,66.25,70.22,71.2,66.06,5550000.0,-0.0437,ETSY
2020-04-29,68.33,66.92,69.11,65.77,2870000.0,0.031400000000000004,ETSY
2020-04-30,64.87,67.48,68.85,63.79,4340000.0,-0.0506,ETSY
2020-05-01,64.44,63.16,64.6,61.31,3330000.0,-0.0066,ETSY
2020-05-04,67.69,63.99,68.18,63.21,2360000.0,0.0504,ETSY
2020-05-05,72.79,70.1,76.5,70.03,9150000.0,0.0753,ETSY
2020-05-06,78.24,74.85,78.63,72.08,6920000.0,0.07490000000000001,ETSY
2020-05-07,76.59,74.38,78.84,73.31,6840000.0,-0.021099999999999997,ETSY
2020-05-08,80.71,76.86,81.69,75.39,4850000.0,0.0538,ETSY
2020-05-11,80.28,80.37,82.62,79.63,3100000.0,-0.0053,ETSY
2020-05-12,79.02,80.25,82.97,78.9,3490000.0,-0.015700000000000002,ETSY
2020-05-13,81.55,79.73,82.43,76.99,3400000.0,0.032,ETSY
2020-05-14,81.63,80.21,83.16,79.74,3740000.0,0.001,ETSY
2020-05-15,85.63,81.45,85.84,80.63,3040000.0,0.049,ETSY
2020-05-18,78.18,86.83,88.0,78.05,6060000.0,-0.087,ETSY
2020-05-19,77.08,78.8,80.19,76.09,6440000.0,-0.0141,ETSY
2020-05-20,75.3,78.98,79.2,73.35,5100000.0,-0.0231,ETSY
2020-05-21,74.31,75.49,75.58,73.17,3170000.0,-0.0131,ETSY
2020-05-22,77.48,74.43,78.15,73.4,2800000.0,0.042699999999999995,ETSY
2020-05-26,74.08,78.48,78.82,73.13,3640000.0,-0.043899999999999995,ETSY
2020-05-27,76.24,72.9,76.7,69.35,4410000.0,0.0292,ETSY
2020-05-28,77.81,76.14,80.19,75.68,2890000.0,0.0206,ETSY
2020-05-29,80.98,78.54,81.62,78.4,3180000.0,0.0407,ETSY
2020-06-01,78.59,80.33,81.9,78.34,2290000.0,-0.029500000000000002,ETSY
2020-06-02,81.86,78.22,82.5,78.22,3020000.0,0.0416,ETSY
2020-06-03,80.66,82.17,82.17,79.35,2890000.0,-0.0147,ETSY
2020-06-04,80.3,81.45,86.01,79.6,3970000.0,-0.0045000000000000005,ETSY
2020-06-05,78.72,80.52,80.59,76.03,2980000.0,-0.0197,ETSY
2020-06-08,76.47,78.13,78.13,74.82,2980000.0,-0.0286,ETSY
2020-06-09,76.37,76.72,78.98,76.09,2210000.0,-0.0013,ETSY
2020-06-10,79.81,80.94,82.89,78.52,4330000.0,0.045,ETSY
2020-06-11,77.52,78.02,80.44,76.76,3710000.0,-0.0287,ETSY
2020-06-12,79.76,79.02,80.67,76.62,2540000.0,0.028900000000000002,ETSY
2020-06-15,83.91,79.46,84.61,79.46,4240000.0,0.052000000000000005,ETSY
2020-06-16,84.55,85.0,85.86,82.25,2540000.0,0.0076,ETSY
2020-06-17,86.32,85.74,87.02,84.94,1890000.0,0.0209,ETSY
2020-06-18,87.0,86.47,87.18,85.19,1760000.0,0.0079,ETSY
2020-06-19,95.39,88.0,95.73,87.07,7140000.0,0.0964,ETSY
2020-06-22,96.3,95.8,99.3,95.59,3760000.0,0.0095,ETSY
2020-06-23,101.22,99.0,103.9,97.28,5780000.0,0.051100000000000007,ETSY
2020-06-24,98.17,101.4,103.3,96.53,4070000.0000000005,-0.0301,ETSY
2020-06-25,101.28,98.73,102.35,96.63,3740000.0,0.0317,ETSY
2020-06-26,102.54,102.27,104.28,100.18,4600000.0,0.0124,ETSY
2020-06-29,102.89,102.11,103.12,98.81,3210000.0,0.0034000000000000002,ETSY
2020-06-30,106.23,104.0,107.3,102.82,4230000.0,0.0325,ETSY
2020-07-01,111.21,105.5,111.76,105.5,3270000.0,0.046900000000000004,ETSY
2020-07-02,110.68,113.36,113.42,109.18,2560000.0,-0.0048,ETSY
2020-07-06,112.97,113.0,115.46,111.52,2560000.0,0.0207,ETSY
2020-07-07,112.21,112.7,114.7,110.89,2950000.0,-0.0067,ETSY
2020-07-08,111.9,112.91,114.58,109.55,3010000.0,-0.0028000000000000004,ETSY
2020-07-09,114.51,112.39,115.4,111.94,2290000.0,0.0233,ETSY
2020-07-10,111.29,113.68,114.0,109.85,2610000.0,-0.0281,ETSY
2020-07-13,104.57,112.93,113.72,103.48,2990000.0,-0.0604,ETSY
2020-07-14,103.74,102.65,104.68,99.24,3890000.0,-0.0079,ETSY
2020-07-15,101.97,102.0,103.21,99.17,2860000.0,-0.0171,ETSY
2020-07-16,103.34,100.28,103.96,99.42,2080000.0,0.0134,ETSY
2020-07-17,102.71,104.42,105.49,101.13,1850000.0,-0.0060999999999999995,ETSY
2020-07-20,106.69,102.84,107.13,102.84,2120000.0,0.0387,ETSY
2020-07-21,104.65,107.51,108.64,103.84,1530000.0,-0.0191,ETSY
2020-07-22,104.23,105.31,106.17,102.71,1280000.0,-0.004,ETSY
2020-07-23,102.46,105.25,106.69,100.73,1460000.0,-0.017,ETSY
2020-07-24,101.59,100.83,102.73,97.5,1380000.0,-0.0085,ETSY
2020-07-27,105.95,103.01,106.76,101.67,1990000.0,0.0429,ETSY
2020-07-28,102.45,105.48,105.6,101.99,1740000.0,-0.033,ETSY
2020-07-29,108.69,104.0,109.06,104.0,2770000.0,0.060899999999999996,ETSY
2020-07-30,112.38,107.8,112.79,107.8,2310000.0,0.0339,ETSY
2020-07-31,118.38,116.67,118.48,114.29,3720000.0,0.053399999999999996,ETSY
2020-08-03,126.62,121.38,127.09,121.03,4660000.0,0.0696,ETSY
2020-08-04,129.8,128.32,130.02,124.67,4460000.0,0.025099999999999997,ETSY
2020-08-05,135.52,131.69,136.24,130.45,9370000.0,0.0441,ETSY
2020-08-06,130.66,134.24,138.74,126.8,9820000.0,-0.0359,ETSY
2020-08-07,135.06,131.44,137.78,131.0,5900000.0,0.0337,ETSY
2020-08-10,134.72,138.41,141.29,131.28,4280000.0,-0.0025,ETSY
2020-08-11,127.5,132.18,132.18,127.27,4340000.0,-0.0536,ETSY
2020-08-12,122.05,128.52,128.69,121.82,4760000.0,-0.042699999999999995,ETSY
2020-08-13,128.73,122.81,131.72,122.81,5460000.0,0.0547,ETSY
2020-08-14,129.26,130.27,130.99,127.52,2049999.9999999998,0.0040999999999999995,ETSY
2020-08-17,129.72,131.31,131.68,128.69,2190000.0,0.0036,ETSY
2020-08-18,133.01,130.2,135.23,128.33,3560000.0,0.0254,ETSY
2020-08-19,131.13,131.7,133.59,128.62,2860000.0,-0.0141,ETSY
2020-08-20,130.09,130.45,131.49,129.08,5720000.0,-0.0079,ETSY
2020-08-21,130.37,130.0,133.08,128.51,2900000.0,0.0022,ETSY
2020-08-24,128.74,132.15,133.78,127.99,3880000.0,-0.0125,ETSY
2020-08-25,125.48,128.33,129.62,124.22,3600000.0,-0.0253,ETSY
2020-08-26,126.91,126.8,128.68,125.48,2500000.0,0.011399999999999999,ETSY
2020-08-27,122.37,126.69,127.5,121.79,2400000.0,-0.0358,ETSY
2020-08-28,119.66,123.0,123.32,117.77,3710000.0,-0.022099999999999998,ETSY
2020-08-31,119.7,119.74,120.48,116.63,3320000.0,0.0003,ETSY
2020-09-01,125.05,121.0,125.65,120.22,3050000.0,0.0447,ETSY
2020-09-02,124.37,128.49,129.9,120.31,3750000.0,-0.0054,ETSY
2020-09-03,116.2,119.73,121.0,113.43,4780000.0,-0.06570000000000001,ETSY
2020-09-04,112.04,114.23,116.82,103.06,7500000.0,-0.0358,ETSY
2020-09-08,110.56,113.29,118.07,108.48,9730000.0,-0.0132,ETSY
2020-09-09,112.71,112.21,114.85,109.45,4740000.0,0.0194,ETSY
2020-09-10,110.57,113.69,117.96,110.32,4160000.0,-0.019,ETSY
2020-09-11,110.77,113.08,116.59,109.94,4450000.0,0.0018,ETSY
2020-09-14,112.55,111.76,115.0,109.44,4740000.0,0.0161,ETSY
2020-09-15,111.0,114.0,114.0,109.17,3490000.0,-0.0138,ETSY
2020-09-16,108.8,111.21,112.52,108.59,2830000.0,-0.019799999999999998,ETSY
2020-09-17,109.23,105.29,109.23,104.51,4120000.0,0.004,ETSY
2020-09-18,111.75,110.68,113.29,109.11,26300000.0,0.0231,ETSY
2020-09-21,116.01,110.52,116.28,109.87,4220000.0,0.0381,ETSY
2020-09-22,119.35,118.0,119.73,112.68,4760000.0,0.0288,ETSY
2020-09-23,115.09,119.17,121.12,114.12,4059999.9999999995,-0.035699999999999996,ETSY
2020-09-24,113.68,112.21,116.09,109.59,4340000.0,-0.0123,ETSY
2020-09-25,118.28,113.7,118.68,113.01,2570000.0,0.0405,ETSY
2020-09-28,123.69,120.15,123.95,119.22,3460000.0,0.045700000000000005,ETSY
2020-09-29,123.23,123.66,125.55,121.42,2620000.0,-0.0037,ETSY
2020-09-30,121.63,122.5,125.59,120.2,2530000.0,-0.013000000000000001,ETSY
2020-10-01,131.69,124.03,133.03,123.58,5750000.0,0.0827,ETSY
2020-10-02,131.63,127.49,133.33,127.27,3780000.0,-0.0005,ETSY
2020-10-05,136.69,132.69,136.84,130.7,2740000.0,0.0384,ETSY
2020-10-06,134.56,137.44,139.25,134.15,3050000.0,-0.015600000000000001,ETSY
2020-10-07,142.66,136.89,143.06,136.89,3800000.0,0.0602,ETSY
2020-10-08,139.54,145.15,145.15,139.16,3200000.0,-0.0219,ETSY
2020-10-09,146.67,140.7,147.3,140.07,3360000.0,0.051100000000000007,ETSY
2020-10-12,147.38,148.93,151.01,146.66,3280000.0,0.0048,ETSY
2020-10-13,153.2,148.09,154.65,147.85,3360000.0,0.0395,ETSY
2020-10-14,149.97,153.95,154.8,147.74,3180000.0,-0.021099999999999997,ETSY
2020-10-15,150.67,144.11,150.85,144.11,2210000.0,0.004699999999999999,ETSY
2020-10-16,147.59,151.98,152.53,147.15,1770000.0,-0.0204,ETSY
2020-10-19,148.37,149.13,151.75,147.18,2330000.0,0.0053,ETSY
2020-10-20,144.79,148.27,150.24,144.7,2550000.0,-0.0241,ETSY
2020-10-21,133.01,144.61,145.26,132.69,5560000.0,-0.0814,ETSY
2020-10-22,135.94,133.97,137.94,132.91,3330000.0,0.022000000000000002,ETSY
2020-10-23,137.85,136.16,138.43,134.13,2100000.0,0.013999999999999999,ETSY
2020-10-26,139.73,137.65,143.06,136.31,3260000.0,0.0137,ETSY
2020-10-27,145.78,141.41,147.62,141.41,4580000.0,0.0433,ETSY
2020-10-28,139.64,143.34,145.0,139.0,4830000.0,-0.0421,ETSY
2020-10-29,132.42,138.29,138.94,128.13,7810000.0,-0.051699999999999996,ETSY
2020-10-30,121.59,130.51,131.7,119.71,5600000.0,-0.0818,ETSY
2020-11-02,126.44,123.27,127.63,121.62,3840000.0,0.039900000000000005,ETSY
2020-11-03,130.45,127.29,131.96,126.0,2940000.0,0.0317,ETSY
2020-11-04,136.2,135.5,138.79,133.51,3630000.0,0.0441,ETSY
2020-11-05,143.64,140.25,144.92,138.25,2740000.0,0.0546,ETSY
2020-11-06,146.28,143.68,146.6,140.55,2590000.0,0.0184,ETSY
2020-11-09,121.2,130.88,134.0,116.7,10640000.0,-0.17149999999999999,ETSY
2020-11-10,119.43,126.22,126.22,113.5,6260000.0,-0.0146,ETSY
2020-11-11,130.59,122.17,131.07,122.17,5260000.0,0.0934,ETSY
2020-11-12,127.03,129.62,133.41,125.85,3880000.0,-0.0273,ETSY
2020-11-13,124.92,128.55,129.99,123.33,3480000.0,-0.0166,ETSY
2020-11-16,125.62,122.11,127.2,120.69,3500000.0,0.005600000000000001,ETSY
2020-11-17,128.82,126.53,128.92,123.7,2500000.0,0.0255,ETSY
2020-11-18,127.01,127.98,128.77,124.71,2540000.0,-0.0141,ETSY
2020-11-19,134.5,127.71,134.68,127.71,3010000.0,0.059000000000000004,ETSY
2020-11-20,140.06,136.52,143.96,136.26,4420000.0,0.041299999999999996,ETSY
2020-11-23,140.2,141.13,143.03,138.52,2600000.0,0.001,ETSY
2020-11-24,137.6,139.48,140.0,133.87,3330000.0,-0.018500000000000003,ETSY
2020-11-25,145.09,138.63,146.95,138.51,3550000.0,0.054400000000000004,ETSY
2020-11-27,160.55,149.17,160.62,149.17,5020000.0,0.1066,ETSY
2020-11-30,160.7,161.94,164.64,153.36,10740000.0,0.0009,ETSY
2020-12-01,154.67,161.51,161.51,154.1,3220000.0,-0.0375,ETSY
2020-12-02,154.62,151.38,155.58,150.19,2200000.0,-0.0003,ETSY
2020-12-03,154.74,154.45,157.0,154.27,2020000.0,0.0008,ETSY
2020-12-04,155.03,154.13,157.09,153.22,1970000.0,0.0019,ETSY
2020-12-07,156.93,155.89,158.86,153.68,1940000.0,0.0123,ETSY
2020-12-08,163.97,157.77,167.83,157.14,3270000.0,0.0449,ETSY
2020-12-09,159.23,165.87,167.45,157.74,3890000.0,-0.028900000000000002,ETSY
2020-12-10,165.3,157.19,167.53,157.19,2590000.0,0.0381,ETSY
2020-12-11,170.02,166.08,171.66,165.72,3060000.0,0.0286,ETSY
2020-12-14,169.97,172.24,176.24,169.79,3070000.0,-0.0003,ETSY
2020-12-15,177.8,172.0,179.91,170.79,3380000.0,0.0461,ETSY
2020-12-16,182.34,173.69,182.78,171.34,4260000.0,0.0255,ETSY
2020-12-17,188.1,184.5,192.0,183.33,4320000.0,0.0316,ETSY
2020-12-18,190.76,190.59,191.73,184.69,5350000.0,0.0141,ETSY
2020-12-21,189.2,189.44,192.71,184.85,3030000.0,-0.008199999999999999,ETSY
2020-12-22,197.38,191.0,198.5,190.72,3380000.0,0.0432,ETSY
2020-12-23,190.17,197.12,197.18,190.07,2100000.0,-0.0365,ETSY
2020-12-24,190.31,191.21,193.74,188.08,1120000.0,0.0007000000000000001,ETSY
