Date,Close,Open,High,Low,Volume,Change
2017-11-14,57.94,59.42,59.43,57.81,618440.0,-0.031400000000000004
2017-11-15,57.35,57.49,57.97,57.21,445230.0,-0.0102
2017-11-16,58.43,57.55,58.43,57.32,581060.0,0.018799999999999997
2017-11-17,58.63,58.26,58.86,58.23,390250.0,0.0034000000000000002
2017-11-20,59.34,58.61,59.78,58.54,678960.0,0.0121
2017-11-21,64.86,62.06,65.29,61.41,1970000.0,0.09300000000000001
2017-11-22,64.78,65.55,65.8,64.28,864670.0,-0.0012
2017-11-24,63.29,64.81,64.81,63.03,619300.0,-0.023
2017-11-27,63.32,63.33,63.9,62.89,903060.0,0.0005
2017-11-28,64.56,63.39,64.75,62.73,1480000.0,0.0196
2017-11-29,64.83,64.46,65.34,64.12,764770.0,0.0042
2017-11-30,65.63,65.01,66.2,64.67,1020000.0,0.0123
2017-12-01,65.46,65.87,65.99,63.88,733570.0,-0.0026
2017-12-04,66.69,66.3,67.69,66.12,1110000.0,0.018799999999999997
2017-12-05,66.46,66.85,66.89,66.04,795580.0,-0.0034000000000000002
2017-12-06,67.69,66.36,68.12,66.31,1250000.0,0.018500000000000003
2017-12-07,67.69,68.97,68.97,67.49,1040000.0,0.0
2017-12-08,68.51,68.0,68.69,67.56,854110.0,0.0121
2017-12-11,68.38,68.44,68.57,67.83,731660.0,-0.0019
2017-12-12,68.39,68.46,68.95,68.2,714460.0,0.0001
2017-12-13,68.16,68.63,69.35,67.92,906920.0,-0.0034000000000000002
2017-12-14,66.13,67.06,67.12,65.9,1190000.0,-0.0298
2017-12-15,66.19,66.43,67.18,65.93,1640000.0,0.0009
2017-12-18,66.74,66.43,67.2,66.3,1240000.0,0.0083
2017-12-19,66.39,66.63,67.01,66.34,919720.0,-0.0052
2017-12-20,66.39,66.95,67.03,66.37,885220.0,0.0
2017-12-21,66.48,66.74,66.81,66.06,735400.0,0.0014000000000000002
2017-12-22,66.28,66.9,66.9,66.01,495920.0,-0.003
2017-12-26,66.05,65.94,66.4,65.16,733730.0,-0.0034999999999999996
2017-12-27,66.28,66.27,66.31,65.6,729120.0,0.0034999999999999996
2017-12-28,66.57,66.61,66.75,66.14,506720.0,0.0044
2017-12-29,65.96,66.57,66.81,65.94,519530.0,-0.0092
2018-01-02,66.87,66.5,67.34,66.25,1150000.0,0.0138
2018-01-03,67.1,67.0,67.45,66.76,1110000.0,0.0034000000000000002
2018-01-04,67.79,67.5,68.0,66.97,1510000.0,0.0103
2018-01-05,68.14,68.01,68.31,67.37,1060000.0,0.0052
2018-01-08,67.96,68.0,68.16,67.34,1040000.0,-0.0026
2018-01-09,67.71,68.07,68.52,67.47,913610.0,-0.0037
2018-01-10,67.81,67.79,68.19,67.26,735390.0,0.0015
2018-01-11,69.5,68.13,69.52,67.95,1240000.0,0.024900000000000002
2018-01-12,69.56,69.86,69.86,69.27,1180000.0,0.0009
2018-01-16,69.42,70.0,70.35,69.25,1410000.0,-0.002
2018-01-17,69.58,69.79,69.9,69.09,649740.0,0.0023
2018-01-18,69.39,69.9,70.05,69.25,748310.0,-0.0027
2018-01-19,69.95,69.43,69.99,68.77,923850.0,0.008100000000000001
2018-01-22,70.23,69.71,70.47,69.47,986200.0,0.004
2018-01-23,69.88,70.15,70.4,69.52,643900.0,-0.005
2018-01-24,70.24,70.3,70.9,69.83,733910.0,0.0052
2018-01-25,69.86,70.62,70.79,69.4,576910.0,-0.0054
2018-01-26,69.95,70.04,70.13,69.32,755370.0,0.0013
2018-01-29,71.05,71.0,72.18,70.52,1450000.0,0.015700000000000002
2018-01-30,69.7,70.67,71.02,68.53,1180000.0,-0.019
2018-01-31,69.46,70.79,70.99,69.01,894620.0,-0.0034000000000000002
2018-02-01,70.02,69.09,70.19,68.52,817380.0,0.008100000000000001
2018-02-02,67.12,69.62,69.67,66.71,1040000.0,-0.0414
2018-02-05,63.15,66.21,66.83,63.06,1820000.0,-0.0591
2018-02-06,64.14,59.45,65.0,56.55,2540000.0,0.015700000000000002
2018-02-07,66.01,64.1,67.1,62.92,2080000.0,0.0292
2018-02-08,62.82,66.14,66.26,62.81,3670000.0,-0.0483
2018-02-09,62.23,63.66,63.66,60.35,2029999.9999999998,-0.009399999999999999
2018-02-12,63.09,62.99,63.9,61.47,2029999.9999999998,0.0138
2018-02-13,62.27,62.45,63.01,61.48,1330000.0,-0.013000000000000001
2018-02-14,63.66,61.58,63.77,61.32,1670000.0,0.0223
2018-02-15,63.71,64.0,64.11,62.77,1510000.0,0.0008
2018-02-16,63.19,63.4,64.3,63.14,1490000.0,-0.008199999999999999
2018-02-20,62.47,62.76,63.48,62.11,983230.0,-0.011399999999999999
2018-02-21,62.06,62.4,63.51,62.05,1300000.0,-0.0066
2018-02-22,62.6,62.48,63.84,62.08,1010000.0,0.0087
2018-02-23,62.35,62.91,63.26,61.23,1880000.0,-0.004
2018-02-26,63.01,62.68,63.25,61.89,966550.0,0.0106
2018-02-27,61.74,62.92,63.64,61.72,2089999.9999999998,-0.0202
2018-02-28,61.06,62.18,62.62,61.05,2230000.0,-0.011000000000000001
2018-03-01,59.34,60.91,61.04,59.17,1660000.0,-0.0282
2018-03-02,60.04,58.56,60.16,58.29,1570000.0,0.0118
2018-03-05,60.11,59.52,60.62,59.28,1180000.0,0.0012
2018-03-06,60.2,60.26,60.6,59.91,1230000.0,0.0015
2018-03-07,60.19,59.48,60.36,59.27,910380.0,-0.0002
2018-03-08,59.61,60.46,60.52,59.11,1070000.0,-0.0096
2018-03-09,60.8,60.29,60.89,59.87,1020000.0,0.02
2018-03-12,60.43,60.79,60.79,59.84,991050.0,-0.0060999999999999995
2018-03-13,60.11,60.61,61.36,59.89,834170.0,-0.0053
2018-03-14,59.78,60.33,61.0,59.63,1660000.0,-0.0055000000000000005
2018-03-15,59.94,59.95,60.69,59.7,1200000.0,0.0027
2018-03-16,60.95,60.0,61.05,59.89,2009999.9999999998,0.0169
2018-03-19,59.91,60.61,60.68,59.36,1280000.0,-0.0171
2018-03-20,60.13,60.19,60.68,59.99,890170.0,0.0037
2018-03-21,60.53,60.07,61.17,59.9,637920.0,0.0067
2018-03-22,57.66,59.76,59.85,57.61,1030000.0,-0.047400000000000005
2018-03-23,55.57,57.72,57.89,55.42,1420000.0,-0.0362
2018-03-26,57.78,57.96,59.47,56.25,2400000.0,0.0398
2018-03-27,56.23,57.78,57.78,55.88,2280000.0,-0.0268
2018-03-28,56.87,56.89,57.48,56.4,1830000.0,0.011399999999999999
2018-03-29,59.15,58.0,59.52,57.71,1410000.0,0.0401
2018-04-02,57.72,58.83,58.89,56.7,1380000.0,-0.0242
2018-04-03,58.55,57.96,58.68,57.4,1030000.0,0.0144
2018-04-04,60.18,57.59,60.37,57.55,1650000.0,0.0278
2018-04-05,59.87,60.52,60.69,59.64,1590000.0,-0.0052
2018-04-06,58.01,59.4,59.51,57.34,1140000.0,-0.0311
2018-04-09,58.32,58.63,59.53,58.26,898970.0,0.0053
2018-04-10,59.44,59.26,59.75,58.85,1070000.0,0.0192
2018-04-11,59.52,58.88,59.87,58.78,737100.0,0.0013
2018-04-12,59.46,59.97,60.22,59.35,534340.0,-0.001
2018-04-13,59.27,59.92,59.92,58.87,461070.0,-0.0032
2018-04-16,59.72,59.69,59.97,59.28,588500.0,0.0076
2018-04-17,60.24,60.23,60.6,60.04,727760.0,0.0087
2018-04-18,60.56,60.67,61.0,60.4,855410.0,0.0053
2018-04-19,60.5,60.58,60.99,60.19,619090.0,-0.001
2018-04-20,60.0,60.43,60.69,59.43,780110.0,-0.0083
2018-04-23,60.46,60.07,60.84,59.93,1230000.0,0.0077
2018-04-24,59.09,60.56,61.15,58.7,754070.0,-0.0227
2018-04-25,58.64,59.07,59.36,58.31,844210.0,-0.0076
2018-04-26,58.21,58.82,58.82,57.63,626190.0,-0.0073
2018-04-27,58.8,58.06,58.89,57.76,767120.0,0.0101
2018-04-30,58.09,58.85,59.2,58.08,759020.0,-0.0121
2018-05-01,58.39,58.04,58.47,57.34,626910.0,0.0052
2018-05-02,57.73,58.44,58.46,57.67,646950.0,-0.0113
2018-05-03,57.15,57.68,57.76,56.09,1160000.0,-0.01
2018-05-04,56.84,56.21,56.98,55.21,1730000.0,-0.0054
2018-05-07,56.71,56.93,57.14,56.25,1950000.0,-0.0023
2018-05-08,62.1,59.94,62.31,59.79,3070000.0,0.095
2018-05-09,62.86,63.21,63.41,62.3,2180000.0,0.012199999999999999
2018-05-10,63.76,63.0,63.95,62.7,1670000.0,0.0143
2018-05-11,63.55,64.6,64.85,63.41,1150000.0,-0.0033
2018-05-14,62.99,63.58,63.7,62.59,1180000.0,-0.0088
2018-05-15,62.69,62.66,62.93,62.3,1460000.0,-0.0048
2018-05-16,63.48,62.63,63.85,62.48,1220000.0,0.0126
2018-05-17,63.96,63.24,64.06,62.86,730230.0,0.0076
2018-05-18,63.74,63.96,64.21,63.65,1700000.0,-0.0034000000000000002
2018-05-21,64.23,64.0,64.81,63.92,987430.0,0.0077
2018-05-22,63.7,63.65,64.35,63.65,1140000.0,-0.0083
2018-05-23,63.46,63.19,63.52,62.74,828430.0,-0.0038
2018-05-24,63.46,63.48,63.83,62.82,790370.0,0.0
2018-05-25,63.33,62.96,63.4,62.93,590710.0,-0.002
2018-05-29,63.3,62.73,63.67,62.61,1220000.0,-0.0005
2018-05-30,64.84,63.7,64.87,63.33,1390000.0,0.024300000000000002
2018-05-31,64.8,64.7,65.02,64.09,1960000.0,-0.0006
2018-06-01,65.41,65.29,66.06,64.98,1030000.0,0.009399999999999999
2018-06-04,65.86,65.97,66.6,65.6,784470.0,0.0069
2018-06-05,66.4,65.95,66.42,65.63,3900000.0,0.008199999999999999
2018-06-06,66.26,66.51,66.51,65.31,1150000.0,-0.0021
2018-06-07,66.05,66.39,66.46,65.65,1240000.0,-0.0032
2018-06-08,66.6,66.23,66.61,65.76,1220000.0,0.0083
2018-06-11,66.32,66.5,66.6,66.05,848940.0,-0.0042
2018-06-12,66.18,66.37,66.72,66.01,1080000.0,-0.0021
2018-06-13,65.52,66.16,66.18,65.5,810850.0,-0.01
2018-06-14,65.35,65.78,65.87,65.0,801680.0,-0.0026
2018-06-15,64.55,64.94,64.94,63.45,1420000.0,-0.012199999999999999
2018-06-18,65.5,64.16,65.53,64.0,884810.0,0.0147
2018-06-19,64.8,64.67,64.96,63.73,875540.0,-0.010700000000000001
2018-06-20,65.6,65.04,65.78,64.43,773430.0,0.0123
2018-06-21,64.55,65.37,65.56,64.35,517299.99999999994,-0.016
2018-06-22,64.8,65.21,65.54,64.54,935620.0,0.0039000000000000003
2018-06-25,63.5,64.35,64.46,62.79,881040.0,-0.020099999999999996
2018-06-26,63.82,63.75,64.09,63.26,809060.0,0.005
2018-06-27,63.6,63.94,64.85,63.57,1180000.0,-0.0034000000000000002
2018-06-28,63.4,63.45,63.67,62.64,597650.0,-0.0031
2018-06-29,63.49,63.76,64.72,63.46,713070.0,0.0014000000000000002
2018-07-02,64.0,62.87,64.09,62.79,1010000.0,0.008
2018-07-03,63.01,64.38,64.68,62.9,480200.0,-0.0155
2018-07-05,64.46,63.55,64.7,63.24,1570000.0,0.023
2018-07-06,65.04,64.26,65.37,64.16,1240000.0,0.009000000000000001
2018-07-09,66.0,65.42,66.07,65.35,1090000.0,0.0148
2018-07-10,66.51,65.93,66.58,65.69,1200000.0,0.0077
2018-07-11,65.4,65.69,66.14,65.36,922350.0,-0.0167
2018-07-12,65.59,65.72,65.91,65.09,858740.0,0.0029
2018-07-13,66.32,65.59,66.5,65.34,584090.0,0.0111
2018-07-16,65.45,66.19,66.35,65.14,649680.0,-0.0131
2018-07-17,66.0,65.08,66.17,65.05,757640.0,0.0084
2018-07-18,66.89,65.92,67.03,65.87,1070000.0,0.013500000000000002
2018-07-19,66.84,66.53,67.07,65.98,424150.0,-0.0007000000000000001
2018-07-20,66.09,66.55,66.58,66.02,541510.0,-0.011200000000000002
2018-07-23,66.12,65.85,66.56,65.63,946730.0,0.0005
2018-07-24,67.08,66.6,67.21,66.33,950570.0,0.014499999999999999
2018-07-25,67.1,66.89,67.15,65.66,1160000.0,0.0003
2018-07-26,67.63,67.04,68.02,66.78,577420.0,0.0079
2018-07-27,67.26,67.84,68.0,67.05,776990.0,-0.0055000000000000005
2018-07-30,66.98,67.59,68.04,66.94,889840.0,-0.0042
2018-07-31,67.63,67.38,67.9,66.63,689500.0,0.0097
2018-08-01,67.05,66.93,67.53,66.46,559420.0,-0.0086
2018-08-02,66.92,66.27,67.2,65.96,623490.0,-0.0019
2018-08-03,67.09,67.1,67.63,66.67,1170000.0,0.0025
2018-08-06,72.31,70.0,73.14,68.2,4050000.0,0.07780000000000001
2018-08-07,72.16,73.68,73.9,71.53,1790000.0,-0.0021
2018-08-08,72.88,72.23,73.15,71.76,1390000.0,0.01
2018-08-09,72.56,72.88,73.3,72.46,1420000.0,-0.0044
2018-08-10,71.88,72.08,72.31,71.42,933350.0,-0.009399999999999999
2018-08-13,71.09,71.81,72.03,71.0,1040000.0,-0.011000000000000001
2018-08-14,71.61,71.31,72.11,71.07,971570.0,0.0073
2018-08-15,70.87,70.99,71.22,70.4,788450.0,-0.0103
2018-08-16,71.09,71.14,71.5,70.64,653210.0,0.0031
2018-08-17,71.86,71.19,72.08,70.98,728940.0,0.0108
2018-08-20,72.83,72.0,72.9,71.74,924250.0,0.013500000000000002
2018-08-21,73.07,73.0,73.5,72.69,648180.0,0.0033
2018-08-22,72.97,73.11,73.33,72.64,492560.0,-0.0014000000000000002
2018-08-23,72.75,72.85,73.06,72.61,703650.0,-0.003
2018-08-24,72.78,72.84,72.89,72.15,727290.0,0.0004
2018-08-27,72.81,73.04,73.36,72.74,992530.0,0.0004
2018-08-28,72.56,73.01,73.11,72.38,1090000.0,-0.0034000000000000002
2018-08-29,73.64,72.82,73.82,72.56,1010000.0,0.0149
2018-08-30,72.98,73.42,73.67,72.68,491750.0,-0.009000000000000001
2018-08-31,72.69,72.64,72.95,72.37,821550.0,-0.004
2018-09-04,72.05,72.4,72.79,71.78,909780.0,-0.0088
2018-09-05,72.68,71.84,72.77,71.7,766690.0,0.0087
2018-09-06,73.84,72.99,74.0,72.77,1230000.0,0.016
2018-09-07,73.62,73.4,74.24,73.08,1030000.0,-0.003
2018-09-10,73.91,74.0,74.45,73.59,1220000.0,0.0039000000000000003
2018-09-11,74.19,73.55,74.68,73.55,864430.0,0.0038
2018-09-12,75.03,74.02,75.12,73.63,912520.0,0.0113
2018-09-13,75.23,75.5,75.96,74.83,957970.0,0.0027
2018-09-14,75.78,75.21,76.12,75.04,948150.0,0.0073
2018-09-17,75.97,75.76,76.66,75.64,1880000.0,0.0025
2018-09-18,76.16,76.12,76.6,75.76,2100000.0,0.0025
2018-09-19,76.81,76.16,77.27,76.1,810140.0,0.0085
2018-09-20,76.74,77.28,77.91,76.33,1940000.0,-0.0009
2018-09-21,77.61,77.04,77.8,76.8,1770000.0,0.0113
2018-09-24,77.26,77.47,77.61,77.13,801810.0,-0.0045000000000000005
2018-09-25,77.4,77.38,77.75,77.14,895290.0,0.0018
2018-09-26,76.98,77.29,77.61,76.55,709020.0,-0.0054
2018-09-27,76.47,76.83,77.38,76.42,935460.0,-0.0066
2018-09-28,76.5,76.55,76.98,76.21,1470000.0,0.0004
2018-10-01,77.06,76.84,77.19,76.26,1610000.0,0.0073
2018-10-02,77.2,77.06,77.59,76.84,2180000.0,0.0018
2018-10-03,77.62,77.48,77.99,77.08,712750.0,0.0054
2018-10-04,77.86,77.56,78.32,77.34,1130000.0,0.0031
2018-10-05,76.54,77.73,77.85,76.39,954610.0,-0.017
2018-10-08,77.08,76.18,77.24,76.0,663330.0,0.0070999999999999995
2018-10-09,76.66,76.75,77.55,76.41,795210.0,-0.0054
2018-10-10,74.27,76.68,76.68,74.17,1060000.0,-0.031200000000000002
2018-10-11,72.19,72.35,74.19,70.54,1580000.0,-0.027999999999999997
2018-10-12,72.0,73.34,73.46,70.62,1220000.0,-0.0026
2018-10-15,72.95,72.2,73.35,72.03,849790.0,0.0132
2018-10-16,74.33,73.45,74.44,72.63,648100.0,0.0189
2018-10-17,73.85,74.29,74.49,72.94,821690.0,-0.006500000000000001
2018-10-18,73.09,73.53,74.28,72.67,691330.0,-0.0103
2018-10-19,72.28,73.25,73.47,72.13,597200.0,-0.0111
2018-10-22,77.21,77.13,77.75,75.65,2470000.0,0.0682
2018-10-23,75.82,75.77,76.38,75.08,1660000.0,-0.018000000000000002
2018-10-24,72.53,76.16,76.16,72.42,1400000.0,-0.0434
2018-10-25,75.23,73.28,75.68,73.25,981530.0,0.037200000000000004
2018-10-26,73.91,74.02,74.9,73.14,1210000.0,-0.0175
2018-10-29,72.4,75.0,75.0,71.1,1380000.0,-0.0204
2018-10-30,74.14,72.27,74.27,72.16,952360.0,0.024
2018-10-31,75.09,75.19,77.38,75.02,1170000.0,0.0128
2018-11-01,75.53,75.45,76.3,74.86,1090000.0,0.0059
2018-11-02,75.14,76.15,76.8,74.79,2200000.0,-0.0052
2018-11-05,76.81,75.21,77.17,74.91,1220000.0,0.0222
2018-11-06,79.53,76.41,79.63,76.41,2069999.9999999998,0.0354
2018-11-07,80.92,80.0,80.96,79.27,1290000.0,0.0175
2018-11-08,79.43,81.09,82.24,79.18,1240000.0,-0.0184
2018-11-09,77.25,78.51,78.96,76.78,1380000.0,-0.0274
2018-11-12,75.1,77.21,77.31,74.95,1250000.0,-0.0278
2018-11-13,74.66,75.44,76.64,74.39,886040.0,-0.0059
2018-11-14,73.31,75.24,75.4,72.73,1720000.0,-0.0181
2018-11-15,75.0,73.2,75.38,72.73,981740.0,0.0231
2018-11-16,74.18,74.63,75.24,73.88,1770000.0,-0.0109
2018-11-19,72.93,74.15,74.54,72.02,2290000.0,-0.0169
2018-11-20,65.05,71.12,71.19,61.86,6150000.0,-0.10800000000000001
2018-11-21,65.21,65.58,66.85,64.81,2480000.0,0.0025
2018-11-23,64.69,64.62,65.55,64.0,1280000.0,-0.008
2018-11-26,65.27,65.2,65.5,63.78,1790000.0,0.009000000000000001
2018-11-27,64.69,64.81,65.48,64.17,1660000.0,-0.0089
2018-11-28,66.18,64.62,66.33,63.41,1760000.0,0.023
2018-11-29,65.1,65.84,66.94,64.83,1600000.0,-0.0163
2018-11-30,65.67,64.98,65.97,64.71,1940000.0,0.0088
2018-12-03,65.98,66.67,68.44,65.88,1990000.0,0.004699999999999999
2018-12-04,62.77,65.6,65.62,62.13,2310000.0,-0.0487
2018-12-06,60.92,61.66,62.37,60.05,2810000.0,-0.029500000000000002
2018-12-07,59.78,61.22,62.24,59.44,1490000.0,-0.0187
2018-12-10,58.86,59.11,60.06,58.0,1300000.0,-0.0154
2018-12-11,59.89,60.22,61.15,59.48,2900000.0,0.0175
2018-12-12,60.83,61.23,62.14,60.78,1680000.0,0.015700000000000002
2018-12-13,59.89,61.13,61.14,59.38,1070000.0,-0.0155
2018-12-14,58.7,58.96,59.43,58.45,983750.0,-0.0199
2018-12-17,57.86,58.4,59.48,57.54,1980000.0,-0.0143
2018-12-18,57.7,58.43,59.19,57.47,1620000.0,-0.0028000000000000004
2018-12-19,57.45,57.78,59.49,56.98,1520000.0,-0.0043
2018-12-20,57.11,57.27,58.12,56.31,1470000.0,-0.0059
2018-12-21,55.92,57.07,57.88,55.56,2280000.0,-0.0208
2018-12-24,55.24,55.71,56.53,55.24,863620.0,-0.012199999999999999
2018-12-26,57.86,55.79,57.93,55.17,963420.0,0.047400000000000005
2018-12-27,58.34,56.51,58.34,55.99,922530.0,0.0083
2018-12-28,57.58,58.52,58.75,57.37,1030000.0,-0.013000000000000001
2018-12-31,58.46,57.68,58.47,57.58,676120.0,0.015300000000000001
2019-01-02,58.48,57.52,58.88,57.29,803730.0,0.0003
2019-01-03,57.3,58.34,58.48,56.94,1120000.0,-0.0202
2019-01-04,59.52,58.37,60.07,58.19,1160000.0,0.0387
2019-01-07,59.53,59.42,59.88,59.0,1030000.0,0.0002
2019-01-08,59.63,60.04,60.39,59.31,932480.0,0.0017000000000000001
2019-01-09,60.15,60.26,60.8,59.88,1060000.0,0.0087
2019-01-10,60.75,59.95,60.77,59.59,839570.0,0.01
2019-01-11,60.47,60.06,60.65,59.78,898950.0,-0.0046
2019-01-14,60.09,59.75,60.49,59.69,1190000.0,-0.0063
2019-01-15,59.96,60.35,60.58,59.51,824170.0,-0.0022
2019-01-16,59.68,59.85,60.62,59.31,1420000.0,-0.004699999999999999
2019-01-17,60.52,59.39,61.0,59.32,1190000.0,0.0141
2019-01-18,62.51,61.53,62.84,61.21,1840000.0,0.0329
2019-01-22,61.75,61.81,62.37,61.26,1250000.0,-0.012199999999999999
2019-01-23,61.7,62.09,62.7,61.37,1270000.0,-0.0008
2019-01-24,62.18,61.8,62.33,61.4,858650.0,0.0078000000000000005
2019-01-25,63.77,62.64,63.84,62.59,1170000.0,0.0256
2019-01-28,63.11,63.09,63.54,62.58,1030000.0,-0.0103
2019-01-29,62.94,63.57,63.67,62.88,1440000.0,-0.0027
2019-01-30,63.93,63.53,64.25,62.74,1350000.0,0.015700000000000002
2019-01-31,64.8,63.94,64.83,63.7,1770000.0,0.013600000000000001
2019-02-01,65.39,64.8,65.67,64.59,1070000.0,0.0091
2019-02-04,66.53,65.07,66.53,65.01,1180000.0,0.0174
2019-02-05,66.73,66.44,67.26,65.93,1550000.0,0.003
2019-02-06,68.02,66.75,68.17,65.41,3310000.0,0.019299999999999998
2019-02-07,65.23,67.39,67.62,64.53,3510000.0,-0.040999999999999995
2019-02-08,65.73,64.76,65.89,64.11,1720000.0,0.0077
2019-02-11,65.73,65.79,66.14,65.05,1390000.0,0.0
2019-02-12,67.63,66.26,67.96,66.09,1780000.0,0.028900000000000002
2019-02-13,68.43,67.85,69.0,67.55,1910000.0,0.0118
2019-02-14,67.89,67.96,68.34,67.34,1090000.0,-0.0079
2019-02-15,68.72,68.41,69.06,68.07,976000.0,0.012199999999999999
2019-02-19,71.25,68.48,71.29,68.48,2069999.9999999998,0.0368
2019-02-20,73.8,71.66,73.87,71.33,4490000.0,0.0358
2019-02-21,73.76,73.48,74.33,73.34,2360000.0,-0.0005
2019-02-22,74.45,74.3,74.49,73.64,1560000.0,0.009399999999999999
2019-02-25,74.83,74.77,75.23,74.14,2040000.0,0.0051
2019-02-26,74.79,74.91,75.24,74.51,1540000.0,-0.0005
2019-02-27,74.79,74.5,74.98,74.18,1090000.0,0.0
2019-02-28,73.78,74.74,74.88,73.76,2040000.0,-0.013500000000000002
2019-03-01,74.01,74.52,74.64,73.38,1250000.0,0.0031
2019-03-04,73.64,74.77,74.79,73.06,1170000.0,-0.005
2019-03-05,73.0,73.85,73.85,72.92,876900.0,-0.0087
2019-03-06,72.25,72.87,73.03,72.2,810970.0,-0.0103
2019-03-07,72.11,72.05,72.45,71.39,1610000.0,-0.0019
2019-03-08,71.9,71.24,72.0,70.89,1180000.0,-0.0029
2019-03-11,73.04,71.77,73.21,71.5,1230000.0,0.0159
2019-03-12,73.06,73.22,73.82,72.96,1010000.0,0.0003
2019-03-13,73.27,73.5,73.91,72.9,1120000.0,0.0029
2019-03-14,73.08,73.13,73.46,72.85,799070.0,-0.0026
2019-03-15,73.81,73.08,74.35,73.05,2069999.9999999998,0.01
2019-03-18,74.34,73.72,74.63,73.68,1270000.0,0.0072
2019-03-19,73.75,74.79,75.16,73.63,1230000.0,-0.0079
2019-03-20,73.72,73.64,74.51,72.84,804350.0,-0.0004
2019-03-21,74.67,73.37,75.13,73.35,847620.0,0.0129
2019-03-22,73.07,74.13,74.39,72.8,870580.0,-0.021400000000000002
2019-03-25,73.18,73.0,73.67,72.45,994960.0,0.0015
2019-03-26,73.74,73.67,74.18,72.9,648870.0,0.0077
2019-03-27,73.43,73.75,74.32,73.24,818720.0,-0.0042
2019-03-28,74.94,73.61,75.01,73.61,1050000.0,0.0206
2019-03-29,75.19,75.49,75.81,74.83,973480.0,0.0033
2019-04-01,77.1,75.81,77.19,75.76,1010000.0,0.0254
2019-04-02,76.59,77.1,77.1,76.03,646110.0,-0.0066
2019-04-03,76.28,76.92,77.13,76.05,581970.0,-0.004
2019-04-04,76.15,76.22,76.53,75.78,914580.0,-0.0017000000000000001
2019-04-05,76.71,76.52,77.06,76.25,689510.0,0.0074
2019-04-08,76.7,76.43,76.91,76.3,929850.0,-0.0001
2019-04-09,75.57,76.19,76.21,75.38,987050.0,-0.0147
2019-04-10,75.51,75.74,75.82,74.89,1150000.0,-0.0008
2019-04-11,76.38,75.55,76.54,75.46,798730.0,0.0115
2019-04-12,77.0,76.85,77.33,76.68,746630.0,0.008100000000000001
2019-04-15,76.42,76.88,77.26,76.27,742720.0,-0.0075
2019-04-16,77.11,76.7,77.4,76.64,795980.0,0.009000000000000001
2019-04-17,76.77,77.5,77.52,76.52,916210.0,-0.0044
2019-04-18,76.93,76.9,77.48,76.43,817210.0,0.0021
2019-04-22,78.68,76.76,78.85,76.08,1100000.0,0.0227
2019-04-23,80.33,78.88,80.59,78.84,1510000.0,0.021
2019-04-24,79.43,80.36,81.15,79.4,1180000.0,-0.011200000000000002
2019-04-25,78.37,79.04,79.25,78.2,1080000.0,-0.013300000000000001
2019-04-26,78.98,78.2,79.1,77.84,785080.0,0.0078000000000000005
2019-04-29,78.46,79.05,79.15,78.45,582670.0,-0.0066
2019-04-30,77.94,78.77,78.99,77.67,1150000.0,-0.0066
2019-05-01,77.59,78.25,78.6,77.58,1130000.0,-0.0045000000000000005
2019-05-02,76.74,76.69,77.39,76.07,1150000.0,-0.011000000000000001
2019-05-03,77.01,77.54,77.87,76.95,1370000.0,0.0034999999999999996
2019-05-06,77.01,75.69,77.02,75.38,856980.0,0.0
2019-05-07,78.23,76.43,79.13,75.54,1900000.0,0.0158
2019-05-08,79.03,78.57,80.44,78.23,1840000.0,0.0102
2019-05-09,78.63,78.5,79.23,77.68,976570.0,-0.0051
2019-05-10,78.66,78.25,79.08,77.03,752830.0,0.0004
2019-05-13,75.81,77.18,77.86,75.49,1540000.0,-0.0362
2019-05-14,76.49,75.83,77.25,75.83,946820.0,0.009000000000000001
2019-05-15,76.81,75.82,77.2,75.51,661160.0,0.0042
2019-05-16,77.5,77.13,78.0,77.05,684500.0,0.009000000000000001
2019-05-17,76.54,76.65,77.65,76.53,556500.0,-0.0124
2019-05-20,76.07,76.25,76.72,75.96,823040.0,-0.0060999999999999995
2019-05-21,77.48,76.6,77.51,76.53,545260.0,0.018500000000000003
2019-05-22,76.78,76.93,77.27,76.56,527940.0,-0.009000000000000001
2019-05-23,75.2,75.95,75.95,74.71,860100.0,-0.0206
2019-05-24,75.85,75.76,76.03,75.23,717900.0,0.0086
2019-05-28,74.71,76.18,76.18,74.71,1320000.0,-0.015
2019-05-29,73.87,74.23,74.83,73.08,1030000.0,-0.011200000000000002
2019-05-30,75.19,74.01,75.48,73.98,955680.0,0.0179
2019-05-31,75.29,74.21,75.29,73.73,1060000.0,0.0013
2019-06-03,76.85,75.55,76.93,75.5,1150000.0,0.0207
2019-06-04,78.92,77.44,79.31,77.41,946100.0,0.0269
2019-06-05,80.04,79.07,80.18,78.89,938170.0,0.014199999999999999
2019-06-06,79.63,80.0,80.06,79.16,576380.0,-0.0051
2019-06-07,79.4,79.95,80.47,79.24,716270.0,-0.0029
2019-06-10,80.14,79.97,80.98,79.88,784290.0,0.009300000000000001
2019-06-11,78.37,80.65,80.85,78.03,999240.0,-0.022099999999999998
2019-06-12,77.84,78.02,78.52,77.49,905080.0,-0.0068000000000000005
2019-06-13,78.33,78.54,78.83,77.99,521419.99999999994,0.0063
2019-06-14,78.3,78.17,78.68,77.91,660760.0,-0.0004
2019-06-17,78.2,78.62,78.81,78.12,419850.0,-0.0013
2019-06-18,79.86,78.85,79.98,78.5,749220.0,0.0212
2019-06-19,80.63,80.0,80.75,79.74,866580.0,0.0096
2019-06-20,81.9,81.6,82.48,81.21,1060000.0,0.0158
2019-06-21,82.31,81.97,82.38,81.25,2320000.0,0.005
2019-06-24,81.98,82.3,82.83,81.87,864970.0,-0.004
2019-06-25,82.32,82.2,82.6,81.25,872720.0,0.0040999999999999995
2019-06-26,82.81,83.0,83.17,82.46,1250000.0,0.006
2019-06-27,84.01,83.18,84.12,83.0,1630000.0,0.014499999999999999
2019-06-28,84.39,84.24,84.52,83.58,1290000.0,0.0045000000000000005
2019-07-01,84.8,85.12,85.14,84.04,1090000.0,0.0049
2019-07-02,84.38,84.82,84.93,83.81,909670.0,-0.005
2019-07-03,84.79,84.5,84.86,83.74,500170.0,0.0049
2019-07-05,84.71,84.26,84.74,83.56,663610.0,-0.0009
2019-07-08,83.55,84.41,84.41,83.51,983230.0,-0.0137
2019-07-09,84.0,82.99,84.16,82.54,733360.0,0.0054
2019-07-10,83.82,84.39,84.48,83.61,467320.0,-0.0021
2019-07-11,84.05,84.04,84.1,83.16,677970.0,0.0027
2019-07-12,85.21,84.31,85.49,84.31,1030000.0,0.0138
2019-07-15,84.79,85.35,85.43,84.6,1300000.0,-0.0049
2019-07-16,85.75,84.95,85.83,84.8,706330.0,0.0113
2019-07-17,84.74,85.75,85.85,84.61,701810.0,-0.0118
2019-07-18,83.94,84.56,84.56,83.39,731400.0,-0.009399999999999999
2019-07-19,83.91,84.25,84.79,83.9,793640.0,-0.0004
2019-07-22,84.13,83.9,84.66,83.9,439010.0,0.0026
2019-07-23,84.93,84.57,84.93,83.78,524780.0,0.0095
2019-07-24,85.65,84.62,85.66,84.07,604440.0,0.0085
2019-07-25,84.5,85.6,85.6,84.42,600740.0,-0.0134
2019-07-26,84.96,84.62,85.11,84.56,546400.0,0.0054
2019-07-29,84.18,85.0,85.04,84.04,673480.0,-0.0092
2019-07-30,84.24,83.6,84.46,83.41,815080.0,0.0007000000000000001
2019-07-31,82.51,84.2,84.72,82.06,1210000.0,-0.020499999999999997
2019-08-01,80.57,82.84,82.84,80.44,1260000.0,-0.0235
2019-08-02,79.67,80.25,80.67,79.01,1080000.0,-0.011200000000000002
2019-08-05,81.0,81.2,83.47,77.56,2450000.0,0.0167
2019-08-06,84.17,82.12,84.39,81.5,1630000.0,0.0391
2019-08-07,83.63,83.31,83.89,80.55,1520000.0,-0.0064
2019-08-08,85.53,83.94,85.94,83.94,1380000.0,0.0227
2019-08-09,85.9,85.85,86.43,84.38,868420.0,0.0043
2019-08-12,82.95,85.38,85.52,82.7,843020.0,-0.034300000000000004
2019-08-13,83.89,82.77,84.89,82.2,825500.0,0.0113
2019-08-14,80.77,81.84,82.4,80.5,798240.0,-0.037200000000000004
2019-08-15,81.68,81.0,82.17,80.89,905190.0,0.0113
2019-08-16,83.48,82.3,83.67,82.24,827850.0,0.022000000000000002
2019-08-19,83.99,84.87,84.89,83.98,1030000.0,0.0060999999999999995
2019-08-20,83.57,83.84,83.87,82.16,1070000.0,-0.005
2019-08-21,86.03,84.64,86.13,84.46,968360.0,0.0294
2019-08-22,86.55,86.5,87.47,86.01,767160.0,0.006
2019-08-23,85.01,85.93,87.0,84.66,987230.0,-0.0178
2019-08-26,85.61,85.86,85.95,84.68,729630.0,0.0070999999999999995
2019-08-27,85.02,86.11,86.39,84.55,889350.0,-0.0069
2019-08-28,85.5,84.94,85.66,84.04,695470.0,0.005600000000000001
2019-08-29,87.79,86.44,88.26,86.0,1000000.0,0.0268
2019-08-30,88.86,88.5,88.96,87.98,774580.0,0.012199999999999999
2019-09-03,89.29,88.06,89.3,87.62,915770.0,0.0048
2019-09-04,90.87,90.01,91.21,89.85,1080000.0,0.0177
2019-09-05,91.36,91.49,92.25,91.0,1080000.0,0.0054
2019-09-06,92.32,91.43,92.7,91.43,859370.0,0.0105
2019-09-09,92.12,92.88,93.93,91.98,1560000.0,-0.0022
2019-09-10,89.97,91.93,92.18,89.33,1670000.0,-0.0233
2019-09-11,89.8,90.0,90.61,89.06,1410000.0,-0.0019
2019-09-12,90.38,90.0,90.76,89.88,1060000.0,0.006500000000000001
2019-09-13,91.21,90.94,91.82,90.77,1040000.0,0.0092
2019-09-16,92.67,91.16,92.99,90.85,1370000.0,0.016
2019-09-17,93.55,92.25,93.9,91.98,1100000.0,0.0095
2019-09-18,93.17,93.16,94.1,92.58,1120000.0,-0.0040999999999999995
2019-09-19,92.24,93.13,93.67,91.68,1060000.0,-0.01
2019-09-20,91.79,92.5,92.99,91.5,4350000.0,-0.0049
2019-09-23,91.29,91.25,91.79,90.27,1040000.0,-0.0054
2019-09-24,90.42,91.34,91.83,89.84,894530.0,-0.0095
2019-09-25,91.27,89.65,91.55,89.61,586370.0,0.009399999999999999
2019-09-26,90.98,91.11,91.7,90.4,451920.0,-0.0032
2019-09-27,90.69,91.14,91.49,90.44,518830.00000000006,-0.0032
2019-09-30,91.5,90.69,91.9,90.69,666360.0,0.0089
2019-10-01,89.52,92.02,92.38,89.32,698030.0,-0.0216
2019-10-02,87.89,88.74,89.0,86.95,1340000.0,-0.0182
2019-10-03,88.01,87.33,88.16,86.24,489510.0,0.0014000000000000002
2019-10-04,89.82,88.07,89.88,87.96,602130.0,0.0206
2019-10-07,88.9,89.37,90.07,88.9,492800.0,-0.0102
2019-10-08,88.34,88.1,89.41,86.94,1120000.0,-0.0063
2019-10-09,89.06,89.27,89.41,88.44,556510.0,0.008199999999999999
2019-10-10,89.64,89.16,90.65,88.6,861870.0,0.006500000000000001
2019-10-11,91.85,90.66,92.58,90.52,893120.0,0.024700000000000003
2019-10-14,91.35,91.48,92.22,90.97,435710.0,-0.0054
2019-10-15,92.59,91.81,93.01,91.36,582120.0,0.013600000000000001
2019-10-16,91.81,91.86,92.2,91.45,794930.0,-0.0084
2019-10-17,93.26,92.29,93.57,92.07,748390.0,0.0158
2019-10-18,92.9,92.97,93.15,92.32,652720.0,-0.0039000000000000003
2019-10-21,93.11,93.75,94.44,93.06,811840.0,0.0023
2019-10-22,93.52,93.24,94.04,93.03,563860.0,0.0044
2019-10-23,92.9,93.5,94.0,92.55,675420.0,-0.0066
2019-10-24,93.37,93.23,93.8,93.02,458230.0,0.0051
2019-10-25,93.93,93.21,94.03,93.21,405460.0,0.006
2019-10-28,94.41,94.33,94.74,94.0,463440.0,0.0051
2019-10-29,94.29,93.8,95.03,93.79,622480.0,-0.0013
2019-10-30,94.84,94.48,94.97,93.98,467470.0,0.0058
2019-10-31,93.58,94.53,95.0,93.05,824490.0,-0.013300000000000001
2019-11-01,96.07,94.25,96.32,94.17,1120000.0,0.026600000000000002
2019-11-04,96.99,96.6,97.56,96.49,757720.0,0.0096
2019-11-05,97.33,97.36,97.75,96.89,708080.0,0.0034999999999999996
2019-11-06,96.94,97.35,97.39,96.32,832710.0,-0.004
2019-11-07,95.71,97.62,98.08,95.46,897250.0,-0.0127
2019-11-08,94.6,95.25,95.8,94.42,1550000.0,-0.0116
2019-11-11,95.12,93.93,95.55,93.58,993530.0,0.0055000000000000005
2019-11-12,95.21,95.02,95.75,94.94,768770.0,0.0009
2019-11-13,93.22,94.75,94.75,93.0,1160000.0,-0.0209
2019-11-14,94.5,93.2,94.73,93.08,919300.0,0.0137
2019-11-15,94.33,94.86,94.94,94.23,954830.0,-0.0018
2019-11-18,93.7,94.18,94.18,92.81,1380000.0,-0.0067
2019-11-19,94.51,93.98,95.17,93.7,1080000.0,0.0086
2019-11-20,94.26,94.19,94.76,93.64,837400.0,-0.0026
2019-11-21,93.29,94.44,94.64,93.03,783020.0,-0.0103
2019-11-22,93.38,93.75,94.16,93.0,1060000.0,0.001
2019-11-25,90.75,95.26,95.66,90.42,3110000.0,-0.0282
2019-11-26,91.47,90.88,91.77,89.22,2089999.9999999998,0.0079
2019-11-27,92.53,91.75,93.44,91.65,1300000.0,0.0116
2019-11-29,92.09,92.54,92.83,91.62,992080.0,-0.0048
2019-12-02,89.36,92.45,93.0,89.3,1500000.0,-0.0296
2019-12-03,88.63,88.07,88.86,87.19,1220000.0,-0.008199999999999999
2019-12-04,86.29,88.68,88.92,86.25,1640000.0,-0.0264
2019-12-05,85.64,86.74,86.74,85.39,1180000.0,-0.0075
2019-12-06,85.02,86.12,86.48,84.47,1950000.0,-0.0072
2019-12-09,85.84,84.79,85.85,84.6,993760.0,0.0096
2019-12-10,87.13,85.88,87.22,85.07,964710.0,0.015
2019-12-11,88.09,87.5,88.33,87.26,1730000.0,0.011000000000000001
2019-12-12,90.02,88.26,90.14,88.07,1980000.0,0.0219
2019-12-13,90.03,90.02,90.75,89.26,1750000.0,0.0001
2019-12-16,89.27,90.17,90.38,88.83,1640000.0,-0.0084
2019-12-17,89.44,90.17,90.19,89.3,754980.0,0.0019
2019-12-18,88.37,89.17,89.37,87.85,782650.0,-0.012
2019-12-19,88.54,88.09,88.54,87.64,666580.0,0.0019
2019-12-20,90.04,89.28,90.31,88.73,1400000.0,0.0169
2019-12-23,90.4,90.12,90.86,89.79,865410.0,0.004
2019-12-24,89.57,90.42,90.6,89.52,212110.0,-0.0092
2019-12-26,90.09,89.73,90.1,89.52,328010.0,0.0058
2019-12-27,89.54,90.23,90.45,89.39,369690.0,-0.0060999999999999995
2019-12-30,89.62,89.33,90.0,89.17,579460.0,0.0009
2019-12-31,89.83,89.7,90.42,89.04,537790.0,0.0023
2020-01-02,90.27,89.9,90.44,88.66,1190000.0,0.0049
2020-01-03,90.89,89.13,90.96,89.09,588920.0,0.0069
2020-01-06,90.72,90.68,91.09,90.28,576580.0,-0.0019
2020-01-07,91.04,90.22,91.24,89.43,619160.0,0.0034999999999999996
2020-01-08,89.48,90.91,91.65,89.48,930140.0,-0.0171
2020-01-09,90.89,89.52,90.93,89.52,659280.0,0.0158
2020-01-10,90.63,90.9,91.55,90.29,745750.0,-0.0029
2020-01-13,91.14,90.95,91.4,90.36,608500.0,0.005600000000000001
2020-01-14,92.58,91.1,93.09,90.85,581210.0,0.0158
2020-01-15,92.77,92.31,93.32,92.23,684650.0,0.0021
2020-01-16,93.47,93.92,94.4,92.94,570840.0,0.0075
2020-01-17,94.0,94.0,94.6,93.55,806110.0,0.005699999999999999
2020-01-21,94.79,94.0,94.99,93.36,813770.0,0.0084
2020-01-22,94.85,94.72,94.88,93.09,906180.0,0.0006
2020-01-23,96.06,94.44,96.33,93.84,1030000.0,0.0128
2020-01-24,97.0,96.07,97.93,96.07,1220000.0,0.0098
2020-01-27,95.28,95.51,96.48,94.57,758530.0,-0.0177
2020-01-28,94.84,95.28,95.97,94.72,1070000.0,-0.0046
2020-01-29,94.78,95.22,95.43,94.56,811710.0,-0.0006
2020-01-30,94.49,93.64,94.67,93.4,725630.0,-0.0031
2020-01-31,92.53,93.92,94.33,92.31,1190000.0,-0.0207
2020-02-03,93.04,92.71,94.31,92.41,1440000.0,0.0055000000000000005
2020-02-04,95.46,94.32,95.54,91.3,1950000.0,0.026000000000000002
2020-02-05,96.75,96.5,96.82,95.37,1030000.0,0.013500000000000002
2020-02-06,96.02,96.76,96.91,95.61,876140.0,-0.0075
2020-02-07,95.78,95.78,96.47,95.06,682410.0,-0.0025
2020-02-10,97.02,95.41,97.3,95.41,725400.0,0.0129
2020-02-11,97.73,97.37,98.16,97.17,801680.0,0.0073
2020-02-12,99.26,98.13,99.46,97.89,911680.0,0.015700000000000002
2020-02-13,99.23,99.04,99.65,97.83,1050000.0,-0.0003
2020-02-14,100.66,99.5,100.67,99.04,844400.0,0.0144
2020-02-18,100.56,100.0,101.66,99.76,1060000.0,-0.001
2020-02-19,101.46,101.05,101.7,100.72,629670.0,0.0089
2020-02-20,102.03,102.0,102.55,101.13,893820.0,0.005600000000000001
2020-02-21,103.86,101.6,104.0,101.41,1160000.0,0.0179
2020-02-24,101.95,101.44,103.28,101.0,1110000.0,-0.0184
2020-02-25,98.71,101.85,102.25,98.67,1300000.0,-0.0318
2020-02-26,99.83,99.39,101.41,98.65,1570000.0,0.0113
2020-02-27,93.32,98.57,98.6,93.32,1590000.0,-0.0652
2020-02-28,92.34,90.89,92.52,88.65,2069999.9999999998,-0.0105
2020-03-02,96.89,92.57,97.06,90.22,1300000.0,0.0493
2020-03-03,97.6,96.9,101.91,95.9,1970000.0,0.0073
2020-03-04,101.29,98.24,101.4,98.24,1270000.0,0.0378
2020-03-05,97.26,99.23,100.36,96.32,1170000.0,-0.0398
2020-03-06,94.07,94.5,94.88,91.41,1360000.0,-0.032799999999999996
2020-03-09,88.94,87.69,90.66,82.85,1830000.0,-0.0545
2020-03-10,92.28,91.05,92.44,88.47,1450000.0,0.037599999999999995
2020-03-11,88.0,90.08,90.3,85.88,1850000.0,-0.0464
2020-03-12,79.12,77.45,85.61,77.45,1620000.0,-0.1009
2020-03-13,86.76,82.46,86.77,80.7,1960000.0,0.0966
2020-03-16,78.87,79.05,81.71,75.65,1890000.0,-0.0909
2020-03-17,80.59,79.69,81.43,76.34,2280000.0,0.0218
2020-03-18,79.43,76.04,80.91,65.75,1760000.0,-0.0144
2020-03-19,74.69,76.0,77.97,72.8,1690000.0,-0.059699999999999996
2020-03-20,65.65,74.7,75.42,65.49,2210000.0,-0.121
2020-03-23,63.01,64.81,64.94,59.29,1930000.0,-0.04019999999999999
2020-03-24,69.49,67.1,70.75,66.78,1470000.0,0.10279999999999999
2020-03-25,73.25,69.17,76.63,69.0,1400000.0,0.0541
2020-03-26,79.82,74.12,80.37,74.12,777120.0,0.0897
2020-03-27,74.88,77.2,78.26,74.12,822280.0,-0.061900000000000004
2020-03-30,77.99,75.1,79.71,72.76,976370.0,0.0415
2020-03-31,79.27,77.85,82.32,75.69,1340000.0,0.016399999999999998
2020-04-01,79.22,75.6,79.52,75.04,1250000.0,-0.0006
2020-04-02,81.18,78.12,82.45,77.9,1120000.0,0.024700000000000003
2020-04-03,78.97,80.28,81.2,76.7,1000000.0,-0.027200000000000002
2020-04-06,83.42,81.59,84.87,81.49,1050000.0,0.0564
2020-04-07,81.88,85.88,86.86,81.79,779170.0,-0.018500000000000003
2020-04-08,80.94,83.08,84.0,80.26,1160000.0,-0.0115
2020-04-09,81.31,81.87,83.86,79.65,1780000.0,0.0046
2020-04-13,79.83,80.59,80.91,79.08,815310.0,-0.0182
2020-04-14,81.81,81.35,82.68,80.46,741880.0,0.0248
2020-04-15,80.02,79.72,80.56,78.58,608430.0,-0.0219
2020-04-16,79.05,79.5,80.39,77.89,965680.0,-0.0121
2020-04-17,84.2,81.22,84.94,81.06,1020000.0,0.06509999999999999
2020-04-20,80.7,83.7,83.94,80.12,1500000.0,-0.0416
2020-04-21,78.21,79.73,80.03,78.0,637690.0,-0.030899999999999997
2020-04-22,79.51,79.7,80.46,79.1,469400.0,0.0166
2020-04-23,79.75,80.56,81.56,79.68,645100.0,0.003
2020-04-24,80.0,79.51,80.42,78.65,701490.0,0.0031
2020-04-27,79.79,81.0,81.59,79.58,1050000.0,-0.0026
2020-04-28,83.5,81.86,84.49,81.01,878710.0,0.04650000000000001
2020-04-29,82.73,85.11,85.93,82.6,959770.0,-0.0092
2020-04-30,82.75,82.35,83.55,81.14,788070.0,0.0002
2020-05-01,80.78,81.53,81.83,79.5,809360.0,-0.023799999999999998
2020-05-04,81.03,79.72,81.16,78.07,917690.0,0.0031
2020-05-05,81.54,81.45,82.8,81.3,676870.0,0.0063
2020-05-06,78.35,81.73,83.59,77.53,1170000.0,-0.0391
2020-05-07,78.55,78.98,80.15,76.76,1340000.0,0.0026
2020-05-08,79.97,79.14,80.59,79.01,752510.0,0.0181
2020-05-11,78.57,79.03,79.67,78.05,1220000.0,-0.0175
2020-05-12,74.66,78.84,79.27,74.62,956390.0,-0.049800000000000004
2020-05-13,72.07,74.26,74.31,71.14,1010000.0,-0.0347
2020-05-14,71.6,70.79,71.85,69.2,970260.0,-0.006500000000000001
2020-05-15,72.11,70.56,72.29,70.16,766770.0,0.0070999999999999995
2020-05-18,77.37,75.11,77.79,75.11,1240000.0,0.0729
2020-05-19,74.28,77.04,77.3,74.28,729860.0,-0.039900000000000005
2020-05-20,76.41,75.38,76.73,74.89,784010.0,0.0287
2020-05-21,76.97,76.35,77.35,76.02,661300.0,0.0073
2020-05-22,77.1,76.32,77.38,76.25,770650.0,0.0017000000000000001
2020-05-26,80.61,79.7,81.19,79.7,838080.0,0.0455
2020-05-27,84.22,82.37,84.32,82.17,1090000.0,0.044800000000000006
2020-05-28,84.29,85.13,85.13,83.62,797750.0,0.0008
2020-05-29,84.02,83.15,84.42,82.51,1300000.0,-0.0032
2020-06-01,85.09,83.76,85.73,83.48,727440.0,0.0127
2020-06-02,85.36,85.64,85.88,84.62,729410.0,0.0032
2020-06-03,87.81,86.88,88.0,86.45,690570.0,0.0287
2020-06-04,87.59,87.0,87.59,86.69,672040.0,-0.0025
2020-06-05,89.06,90.0,91.48,88.75,765910.0,0.0168
2020-06-08,89.51,88.95,90.13,88.93,884660.0,0.0051
2020-06-09,88.59,87.85,89.24,87.85,645400.0,-0.0103
2020-06-10,84.87,88.0,88.0,84.85,822690.0,-0.042
2020-06-11,80.13,82.37,82.37,79.59,1330000.0,-0.0559
2020-06-12,80.49,82.83,82.9,78.58,1070000.0,0.0045000000000000005
2020-06-15,82.39,79.35,82.6,78.55,987290.0,0.0236
2020-06-16,85.12,85.8,88.0,84.52,1180000.0,0.0331
2020-06-17,85.42,85.14,86.36,85.0,1200000.0,0.0034999999999999996
2020-06-18,85.14,84.76,85.63,84.41,811690.0,-0.0033
2020-06-19,85.58,86.68,87.48,85.01,2290000.0,0.0052
2020-06-22,85.66,84.63,86.18,83.8,755870.0,0.0009
2020-06-23,85.32,86.67,86.86,85.3,792850.0,-0.004
2020-06-24,82.88,83.9,84.55,82.51,894130.0,-0.0286
2020-06-25,83.64,81.89,83.74,81.69,717670.0,0.0092
2020-06-26,82.5,83.17,83.46,81.75,1340000.0,-0.013600000000000001
2020-06-29,84.83,82.77,84.93,82.77,662470.0,0.0282
2020-06-30,84.8,84.65,85.17,84.39,903890.0,-0.0004
2020-07-01,83.9,85.44,85.98,83.65,1080000.0,-0.0106
2020-07-02,85.66,85.65,86.49,84.65,915300.0,0.021
2020-07-06,84.91,86.79,87.2,84.57,634310.0,-0.0088
2020-07-07,83.52,85.1,85.1,83.35,660740.0,-0.016399999999999998
2020-07-08,81.6,83.36,84.08,80.88,1370000.0,-0.023
2020-07-09,78.85,81.54,81.87,78.82,953180.0,-0.0337
2020-07-10,78.57,78.79,79.59,78.24,839570.0,-0.0036
2020-07-13,78.73,79.92,80.3,78.57,675640.0,0.002
2020-07-14,79.04,77.88,80.0,77.51,1480000.0,0.0039000000000000003
2020-07-15,81.16,80.25,81.7,79.68,1520000.0,0.0268
2020-07-16,82.62,81.24,83.32,81.24,770910.0,0.018000000000000002
2020-07-17,83.52,83.35,83.84,82.86,547500.0,0.0109
2020-07-20,82.98,82.64,83.32,82.42,465440.0,-0.006500000000000001
2020-07-21,83.96,83.77,84.41,83.54,480350.0,0.0118
2020-07-22,84.39,83.75,84.73,83.75,376130.0,0.0051
2020-07-23,84.64,84.63,85.53,84.17,507830.0,0.003
2020-07-24,83.94,84.83,84.89,83.72,564430.0,-0.0083
2020-07-27,84.21,83.27,84.45,83.25,511200.0,0.0032
2020-07-28,83.71,84.2,84.35,83.45,566790.0,-0.0059
2020-07-29,86.72,84.31,86.73,83.92,765940.0,0.036000000000000004
2020-07-30,85.38,85.57,86.0,84.87,567580.0,-0.0155
2020-07-31,85.35,85.26,85.73,83.54,906880.0,-0.0004
2020-08-03,90.5,85.82,91.3,85.46,1290000.0,0.0603
2020-08-04,92.36,90.95,92.48,90.17,965750.0,0.0206
2020-08-05,92.12,92.65,93.06,91.79,738440.0,-0.0026
2020-08-06,90.47,91.98,92.12,90.02,692110.0,-0.0179
2020-08-07,91.32,90.09,91.43,89.75,551770.0,0.009399999999999999
2020-08-10,91.12,91.03,91.52,90.51,677450.0,-0.0022
2020-08-11,90.98,92.2,92.43,90.43,931870.0,-0.0015
2020-08-12,90.49,92.0,92.44,90.18,953610.0,-0.0054
2020-08-13,89.96,89.6,90.7,89.27,612220.0,-0.0059
2020-08-14,90.0,89.19,90.29,89.19,472250.0,0.0004
2020-08-17,89.97,89.84,90.19,89.45,594130.0,-0.0003
2020-08-18,89.86,90.38,90.47,89.36,506100.0,-0.0012
2020-08-19,89.78,89.33,90.09,89.33,851930.0,-0.0009
2020-08-20,89.03,89.31,89.31,88.85,515510.0,-0.0084
2020-08-21,88.82,88.88,89.3,88.21,756300.0,-0.0024
2020-08-24,89.37,88.83,89.89,88.83,469640.0,0.0062
2020-08-25,88.48,89.74,89.75,88.34,633980.0,-0.01
2020-08-26,88.44,87.76,88.86,87.35,531140.0,-0.0005
2020-08-27,89.08,88.66,89.81,88.15,440310.0,0.0072
2020-08-28,89.46,89.39,89.51,88.45,354110.0,0.0043
2020-08-31,90.27,88.96,90.61,88.72,798710.0,0.0091
2020-09-01,91.44,89.9,91.79,89.85,650800.0,0.013000000000000001
2020-09-02,93.11,91.39,93.11,91.04,605780.0,0.0183
2020-09-03,91.0,93.35,93.43,90.26,1210000.0,-0.0227
2020-09-04,91.96,91.64,92.37,90.9,938060.0,0.0105
2020-09-08,90.62,90.42,91.17,90.02,1190000.0,-0.0146
2020-09-09,92.8,91.64,93.36,91.64,911780.0,0.0241
2020-09-10,91.12,92.34,92.76,90.44,895300.0,-0.0181
2020-09-11,92.8,91.61,93.18,91.17,719570.0,0.0184
2020-09-14,94.03,93.59,94.81,93.59,740190.0,0.013300000000000001
2020-09-15,94.87,94.24,95.07,93.6,747280.0,0.0089
2020-09-16,94.64,95.25,95.5,94.38,778850.0,-0.0024
2020-09-17,94.38,92.9,95.63,92.9,615650.0,-0.0027
2020-09-18,94.11,93.97,95.34,93.47,1640000.0,-0.0029
2020-09-21,89.29,92.5,92.63,88.66,1060000.0,-0.0512
2020-09-22,91.33,89.9,91.75,89.9,588590.0,0.022799999999999997
2020-09-23,89.27,92.31,92.62,89.27,858560.0,-0.0226
2020-09-24,90.02,89.11,90.75,88.19,544200.0,0.0084
2020-09-25,90.42,89.12,91.1,89.0,552490.0,0.0044
2020-09-28,92.47,91.96,93.4,91.36,461700.0,0.0227
2020-09-29,92.98,92.29,93.93,92.29,512400.0,0.0055000000000000005
2020-09-30,92.77,93.21,94.89,92.27,766620.0,-0.0023
2020-10-01,91.45,93.36,94.04,91.0,657250.0,-0.014199999999999999
2020-10-02,94.24,90.62,95.67,90.2,876210.0,0.0305
2020-10-05,96.37,94.62,97.32,94.48,827340.0,0.0226
2020-10-06,95.27,96.98,97.79,94.92,831700.0,-0.011399999999999999
2020-10-07,97.33,96.22,98.2,95.42,711110.0,0.0216
2020-10-08,98.99,97.82,98.99,97.03,675740.0,0.0171
2020-10-09,99.32,98.69,99.58,97.97,680460.0,0.0033
2020-10-12,100.78,99.23,101.37,99.21,929770.0,0.0147
2020-10-13,99.28,100.51,101.25,99.22,676410.0,-0.0149
2020-10-14,98.91,99.59,100.07,98.62,651920.0,-0.0037
2020-10-15,99.37,98.02,100.08,97.79,774260.0,0.004699999999999999
2020-10-16,99.33,99.4,101.29,99.19,1200000.0,-0.0004
2020-10-19,97.73,100.3,100.74,97.13,566310.0,-0.0161
2020-10-20,97.96,98.83,99.25,97.8,557300.0,0.0024
2020-10-21,97.66,97.82,99.0,97.09,491130.0,-0.0031
2020-10-22,98.53,97.98,98.92,97.71,388870.0,0.0089
2020-10-23,99.21,99.35,99.72,98.35,301430.0,0.0069
2020-10-26,96.54,97.94,97.94,95.35,592070.0,-0.0269
2020-10-27,95.64,96.68,96.68,95.1,453230.0,-0.009300000000000001
2020-10-28,93.2,93.45,94.82,93.07,672550.0,-0.0255
2020-10-29,94.73,92.72,95.87,92.5,557540.0,0.016399999999999998
2020-10-30,95.0,94.52,95.2,93.27,626950.0,0.0029
2020-11-02,99.12,96.71,99.22,96.71,821990.0,0.0434
2020-11-03,101.94,100.49,102.62,99.95,920120.0,0.0285
2020-11-04,95.65,100.02,100.02,94.81,1410000.0,-0.0617
2020-11-05,97.76,97.58,99.44,97.34,906690.0,0.022099999999999998
2020-11-06,97.61,97.69,99.08,97.21,651690.0,-0.0015
2020-11-09,100.13,103.04,106.5,100.06,948140.0,0.0258
2020-11-10,101.61,100.32,103.5,100.32,1190000.0,0.0148
2020-11-11,98.85,103.14,103.61,98.76,1050000.0,-0.027200000000000002
2020-11-12,99.26,99.1,99.43,97.49,757130.0,0.0040999999999999995
2020-11-13,103.27,100.28,103.5,100.28,713420.0,0.0404
2020-11-16,107.21,104.91,107.21,104.17,768960.0,0.0382
2020-11-17,105.3,106.46,106.64,103.72,610860.0,-0.0178
2020-11-18,105.24,105.95,108.0,105.24,811010.0,-0.0006
2020-11-19,105.15,104.7,105.76,103.25,545250.0,-0.0009
2020-11-20,103.8,105.06,105.13,103.41,564450.0,-0.0128
2020-11-23,104.51,104.73,105.57,103.25,1060000.0,0.0068000000000000005
2020-11-24,107.53,106.03,109.31,104.85,1200000.0,0.028900000000000002
2020-11-25,106.35,107.13,107.65,105.87,496690.0,-0.011000000000000001
2020-11-27,105.86,106.68,106.68,105.38,275570.0,-0.0046
2020-11-30,107.84,106.64,107.86,106.12,1180000.0,0.0187
2020-12-01,108.73,109.5,110.89,108.22,789790.0,0.0083
2020-12-02,106.89,107.62,107.62,105.92,511470.0,-0.0169
2020-12-03,107.79,107.29,108.83,107.15,639390.0,0.0084
2020-12-04,108.96,108.23,111.1,107.78,655190.0,0.0109
2020-12-07,109.85,108.73,110.06,108.55,614480.0,0.008199999999999999
2020-12-08,109.6,108.83,110.07,108.35,454610.0,-0.0023
2020-12-09,109.7,110.08,111.12,109.43,764270.0,0.0009
2020-12-10,108.71,108.72,109.14,107.76,387530.0,-0.009000000000000001
2020-12-11,108.65,108.59,109.46,108.07,494390.0,-0.0006
2020-12-14,105.26,109.47,109.47,105.17,604920.0,-0.031200000000000002
2020-12-15,105.91,106.58,106.59,105.43,740410.0,0.0062
2020-12-16,106.23,106.01,106.6,105.49,626950.0,0.003
2020-12-17,107.0,106.63,107.88,106.47,565490.0,0.0072
2020-12-18,106.58,106.71,107.35,105.65,1690000.0,-0.0039000000000000003
2020-12-21,106.66,105.73,107.28,104.95,753440.0,0.0008
2020-12-22,106.11,106.51,106.86,105.75,660030.0,-0.0052
2020-12-23,106.85,107.2,108.17,106.63,366120.0,0.006999999999999999
2020-12-24,107.28,106.84,107.33,106.56,144530.0,0.004
2020-12-28,106.82,108.38,108.38,106.67,325760.0,-0.0043
2020-12-29,107.23,106.62,107.85,106.11,414970.0,0.0038
2020-12-30,107.49,107.48,108.2,107.07,303170.0,0.0024
2020-12-31,108.96,107.58,109.14,107.1,317670.0,0.0137
